negative,alpha,time,time_std,abs_error_th000,abs_error_th001,abs_error_th002,abs_error_th003,abs_error_th004,abs_error_th005,abs_error_th006,abs_error_th007,abs_error_th008,abs_error_th009,abs_error_th010,abs_error_th011,abs_error_th012,abs_error_th013,abs_error_th014,abs_error_th015,abs_error_th016,abs_error_th017,abs_error_th018,abs_error_th019,abs_error_th020,abs_error_th021,abs_error_th022,abs_error_th023,abs_error_th024,abs_error_th025,abs_error_th026,abs_error_th027,abs_error_th028,abs_error_th029,abs_error_th030,abs_error_th031,abs_error_th032,abs_error_th033,abs_error_th034,abs_error_th035,abs_error_th036,abs_error_th037,abs_error_th038,abs_error_th039,abs_error_th040,abs_error_th041,abs_error_th042,abs_error_th043,abs_error_th044,abs_error_th045,abs_error_th046,abs_error_th047,abs_error_th048,abs_error_th049,abs_error_th050,abs_error_th051,abs_error_th052,abs_error_th053,abs_error_th054,abs_error_th055,abs_error_th056,abs_error_th057,abs_error_th058,abs_error_th059,abs_error_th060,abs_error_th061,abs_error_th062,abs_error_th063,abs_error_th064,abs_error_th065,abs_error_th066,abs_error_th067,abs_error_th068,abs_error_th069,abs_error_th070,abs_error_th071,abs_error_th072,abs_error_th073,abs_error_th074,abs_error_th075,abs_error_th076,abs_error_th077,abs_error_th078,abs_error_th079,abs_error_th080,abs_error_th081,abs_error_th082,abs_error_th083,abs_error_th084,abs_error_th085,abs_error_th086,abs_error_th087,abs_error_th088,abs_error_th089,abs_error_th090,abs_error_th091,abs_error_th092,abs_error_th093,abs_error_th094,abs_error_th095,abs_error_th096,abs_error_th097,abs_error_th098,abs_error_th099,abs_error_th100,abs_error_th000_std,abs_error_th001_std,abs_error_th002_std,abs_error_th003_std,abs_error_th004_std,abs_error_th005_std,abs_error_th006_std,abs_error_th007_std,abs_error_th008_std,abs_error_th009_std,abs_error_th010_std,abs_error_th011_std,abs_error_th012_std,abs_error_th013_std,abs_error_th014_std,abs_error_th015_std,abs_error_th016_std,abs_error_th017_std,abs_error_th018_std,abs_error_th019_std,abs_error_th020_std,abs_error_th021_std,abs_error_th022_std,abs_error_th023_std,abs_error_th024_std,abs_error_th025_std,abs_error_th026_std,abs_error_th027_std,abs_error_th028_std,abs_error_th029_std,abs_error_th030_std,abs_error_th031_std,abs_error_th032_std,abs_error_th033_std,abs_error_th034_std,abs_error_th035_std,abs_error_th036_std,abs_error_th037_std,abs_error_th038_std,abs_error_th039_std,abs_error_th040_std,abs_error_th041_std,abs_error_th042_std,abs_error_th043_std,abs_error_th044_std,abs_error_th045_std,abs_error_th046_std,abs_error_th047_std,abs_error_th048_std,abs_error_th049_std,abs_error_th050_std,abs_error_th051_std,abs_error_th052_std,abs_error_th053_std,abs_error_th054_std,abs_error_th055_std,abs_error_th056_std,abs_error_th057_std,abs_error_th058_std,abs_error_th059_std,abs_error_th060_std,abs_error_th061_std,abs_error_th062_std,abs_error_th063_std,abs_error_th064_std,abs_error_th065_std,abs_error_th066_std,abs_error_th067_std,abs_error_th068_std,abs_error_th069_std,abs_error_th070_std,abs_error_th071_std,abs_error_th072_std,abs_error_th073_std,abs_error_th074_std,abs_error_th075_std,abs_error_th076_std,abs_error_th077_std,abs_error_th078_std,abs_error_th079_std,abs_error_th080_std,abs_error_th081_std,abs_error_th082_std,abs_error_th083_std,abs_error_th084_std,abs_error_th085_std,abs_error_th086_std,abs_error_th087_std,abs_error_th088_std,abs_error_th089_std,abs_error_th090_std,abs_error_th091_std,abs_error_th092_std,abs_error_th093_std,abs_error_th094_std,abs_error_th095_std,abs_error_th096_std,abs_error_th097_std,abs_error_th098_std,abs_error_th099_std,abs_error_th100_std,error_th000,error_th001,error_th002,error_th003,error_th004,error_th005,error_th006,error_th007,error_th008,error_th009,error_th010,error_th011,error_th012,error_th013,error_th014,error_th015,error_th016,error_th017,error_th018,error_th019,error_th020,error_th021,error_th022,error_th023,error_th024,error_th025,error_th026,error_th027,error_th028,error_th029,error_th030,error_th031,error_th032,error_th033,error_th034,error_th035,error_th036,error_th037,error_th038,error_th039,error_th040,error_th041,error_th042,error_th043,error_th044,error_th045,error_th046,error_th047,error_th048,error_th049,error_th050,error_th051,error_th052,error_th053,error_th054,error_th055,error_th056,error_th057,error_th058,error_th059,error_th060,error_th061,error_th062,error_th063,error_th064,error_th065,error_th066,error_th067,error_th068,error_th069,error_th070,error_th071,error_th072,error_th073,error_th074,error_th075,error_th076,error_th077,error_th078,error_th079,error_th080,error_th081,error_th082,error_th083,error_th084,error_th085,error_th086,error_th087,error_th088,error_th089,error_th090,error_th091,error_th092,error_th093,error_th094,error_th095,error_th096,error_th097,error_th098,error_th099,error_th100,error_th000_std,error_th001_std,error_th002_std,error_th003_std,error_th004_std,error_th005_std,error_th006_std,error_th007_std,error_th008_std,error_th009_std,error_th010_std,error_th011_std,error_th012_std,error_th013_std,error_th014_std,error_th015_std,error_th016_std,error_th017_std,error_th018_std,error_th019_std,error_th020_std,error_th021_std,error_th022_std,error_th023_std,error_th024_std,error_th025_std,error_th026_std,error_th027_std,error_th028_std,error_th029_std,error_th030_std,error_th031_std,error_th032_std,error_th033_std,error_th034_std,error_th035_std,error_th036_std,error_th037_std,error_th038_std,error_th039_std,error_th040_std,error_th041_std,error_th042_std,error_th043_std,error_th044_std,error_th045_std,error_th046_std,error_th047_std,error_th048_std,error_th049_std,error_th050_std,error_th051_std,error_th052_std,error_th053_std,error_th054_std,error_th055_std,error_th056_std,error_th057_std,error_th058_std,error_th059_std,error_th060_std,error_th061_std,error_th062_std,error_th063_std,error_th064_std,error_th065_std,error_th066_std,error_th067_std,error_th068_std,error_th069_std,error_th070_std,error_th071_std,error_th072_std,error_th073_std,error_th074_std,error_th075_std,error_th076_std,error_th077_std,error_th078_std,error_th079_std,error_th080_std,error_th081_std,error_th082_std,error_th083_std,error_th084_std,error_th085_std,error_th086_std,error_th087_std,error_th088_std,error_th089_std,error_th090_std,error_th091_std,error_th092_std,error_th093_std,error_th094_std,error_th095_std,error_th096_std,error_th097_std,error_th098_std,error_th099_std,error_th100_std
p,0.0,0.23,0.02,98.81,98.6,97.18,95.13,89.66,81.93,75.27,64.47,58.28,54.87,51.46,49.37,39.77,26.29,12.65,8.76,7.37,6.39,5.79,5.14,4.81,4.56,0.45,0.28,0.26,0.24,0.23,0.23,0.21,0.21,0.21,0.21,0.2,0.2,0.2,0.2,0.2,0.2,0.2,0.2,0.2,0.2,0.2,0.2,0.2,0.2,0.2,0.2,0.2,0.2,0.2,0.2,0.2,0.2,0.2,0.2,0.2,0.2,0.2,0.19,0.19,0.19,0.18,0.18,0.18,0.18,0.18,0.18,0.18,0.18,0.18,0.17,0.17,0.17,0.16,0.16,0.16,0.15,0.14,0.14,0.14,0.13,0.12,0.09,0.06,0.05,0.04,0.03,0.02,0.02,0.01,0.01,0.01,0.01,0.01,0.01,0.0,0.0,0.0,0.0,0.0,0.12,0.44,0.93,4.04,11.4,21.33,27.37,33.27,36.49,38.9,40.94,41.97,41.14,31.71,23.1,21.96,21.06,19.98,19.52,19.05,18.94,18.79,0.52,0.11,0.12,0.11,0.12,0.12,0.11,0.11,0.11,0.11,0.11,0.11,0.11,0.11,0.11,0.11,0.11,0.11,0.11,0.11,0.11,0.11,0.11,0.11,0.11,0.11,0.11,0.11,0.11,0.11,0.11,0.11,0.11,0.11,0.11,0.11,0.11,0.11,0.11,0.11,0.12,0.12,0.12,0.12,0.12,0.12,0.12,0.12,0.12,0.12,0.12,0.12,0.12,0.12,0.12,0.12,0.11,0.11,0.11,0.11,0.11,0.11,0.1,0.09,0.09,0.08,0.06,0.06,0.04,0.04,0.04,0.04,0.04,0.04,0.0,0.0,0.0,0.0,0.0,-98.81,-98.6,-97.18,-95.13,-89.66,-81.93,-75.27,-64.47,-58.28,-54.87,-51.46,-49.37,-39.77,-26.29,-12.65,-8.76,-7.37,-6.39,-5.79,-5.14,-4.81,-4.56,-0.45,-0.28,-0.26,-0.24,-0.23,-0.23,-0.21,-0.21,-0.21,-0.21,-0.2,-0.2,-0.2,-0.2,-0.2,-0.2,-0.2,-0.2,-0.2,-0.2,-0.2,-0.2,-0.2,-0.2,-0.2,-0.2,-0.2,-0.2,-0.2,-0.2,-0.2,-0.2,-0.2,-0.2,-0.2,-0.2,-0.2,-0.19,-0.19,-0.19,-0.18,-0.18,-0.18,-0.18,-0.18,-0.18,-0.18,-0.18,-0.18,-0.17,-0.17,-0.17,-0.16,-0.16,-0.16,-0.15,-0.14,-0.14,-0.14,-0.13,-0.12,-0.09,-0.06,-0.05,-0.04,-0.03,-0.02,-0.02,-0.01,-0.01,-0.01,-0.01,-0.01,-0.01,0.0,0.0,0.0,0.0,0.0,0.12,0.44,0.93,4.04,11.4,21.33,27.37,33.27,36.49,38.9,40.94,41.97,41.14,31.71,23.1,21.96,21.06,19.98,19.52,19.05,18.94,18.79,0.52,0.11,0.12,0.11,0.12,0.12,0.11,0.11,0.11,0.11,0.11,0.11,0.11,0.11,0.11,0.11,0.11,0.11,0.11,0.11,0.11,0.11,0.11,0.11,0.11,0.11,0.11,0.11,0.11,0.11,0.11,0.11,0.11,0.11,0.11,0.11,0.11,0.11,0.11,0.11,0.12,0.12,0.12,0.12,0.12,0.12,0.12,0.12,0.12,0.12,0.12,0.12,0.12,0.12,0.12,0.12,0.11,0.11,0.11,0.11,0.11,0.11,0.1,0.09,0.09,0.08,0.06,0.06,0.04,0.04,0.04,0.04,0.04,0.04,0.0,0.0,0.0,0.0,0.0
p,10.0,0.23,0.02,88.85,88.6,87.29,86.28,81.34,77.14,74.05,70.47,64.72,59.43,58.14,56.25,53.14,33.34,23.03,19.14,18.0,17.49,17.17,16.82,16.61,15.91,11.58,5.33,4.61,4.86,5.11,5.39,5.61,5.82,6.02,6.43,6.68,6.84,6.97,7.1,7.23,7.36,7.44,7.6,7.7,7.78,7.89,7.99,8.13,8.21,8.32,8.4,8.46,8.56,8.68,8.75,8.85,8.93,8.99,9.06,9.12,9.19,9.23,9.27,9.33,9.37,9.4,9.46,9.52,9.55,9.59,9.61,9.65,9.67,9.69,9.71,9.72,9.74,9.77,9.78,9.81,9.83,9.84,9.85,9.87,9.88,9.88,9.88,9.9,9.91,9.92,9.93,9.93,9.94,9.94,9.96,9.96,9.96,9.96,9.97,9.97,9.97,9.97,9.97,9.97,0.16,0.59,1.01,1.89,14.09,18.94,22.09,25.82,31.16,34.88,35.72,36.96,36.81,35.78,32.71,30.78,29.7,29.22,28.78,28.0,27.61,26.23,19.96,4.26,2.16,2.2,2.14,2.1,2.1,2.09,2.15,2.15,2.2,2.19,2.14,2.09,2.05,2.0,1.96,1.88,1.82,1.76,1.69,1.61,1.51,1.45,1.38,1.32,1.27,1.21,1.1,1.06,0.98,0.9,0.84,0.76,0.71,0.66,0.63,0.59,0.55,0.51,0.48,0.43,0.39,0.36,0.33,0.31,0.28,0.25,0.24,0.23,0.22,0.21,0.19,0.17,0.17,0.15,0.15,0.15,0.13,0.13,0.12,0.11,0.11,0.1,0.1,0.09,0.09,0.08,0.07,0.05,0.05,0.05,0.05,0.02,0.02,0.02,0.02,0.02,0.02,-88.85,-88.6,-87.29,-86.28,-81.34,-77.14,-74.05,-70.47,-64.72,-59.43,-57.67,-55.7,-52.47,-32.3,-21.57,-16.72,-14.71,-13.38,-12.47,-11.47,-10.86,-9.71,-4.34,2.51,4.1,4.86,5.11,5.39,5.61,5.82,6.02,6.43,6.68,6.84,6.97,7.1,7.23,7.36,7.44,7.6,7.7,7.78,7.89,7.99,8.13,8.21,8.32,8.4,8.46,8.56,8.68,8.75,8.85,8.93,8.99,9.06,9.12,9.19,9.23,9.27,9.33,9.37,9.4,9.46,9.52,9.55,9.59,9.61,9.65,9.67,9.69,9.71,9.72,9.74,9.77,9.78,9.81,9.83,9.84,9.85,9.87,9.88,9.88,9.88,9.9,9.91,9.92,9.93,9.93,9.94,9.94,9.96,9.96,9.96,9.96,9.97,9.97,9.97,9.97,9.97,9.97,0.16,0.59,1.01,1.89,14.09,18.94,22.09,25.82,31.16,34.88,36.47,37.78,37.77,36.72,33.69,32.15,31.47,31.31,31.1,30.58,30.34,29.1,22.66,6.34,3.01,2.2,2.14,2.1,2.1,2.09,2.15,2.15,2.2,2.19,2.14,2.09,2.05,2.0,1.96,1.88,1.82,1.76,1.69,1.61,1.51,1.45,1.38,1.32,1.27,1.21,1.1,1.06,0.98,0.9,0.84,0.76,0.71,0.66,0.63,0.59,0.55,0.51,0.48,0.43,0.39,0.36,0.33,0.31,0.28,0.25,0.24,0.23,0.22,0.21,0.19,0.17,0.17,0.15,0.15,0.15,0.13,0.13,0.12,0.11,0.11,0.1,0.1,0.09,0.09,0.08,0.07,0.05,0.05,0.05,0.05,0.02,0.02,0.02,0.02,0.02,0.02
p,20.0,0.23,0.02,78.85,78.38,77.26,73.52,71.73,66.17,64.23,59.85,54.93,52.8,51.78,50.52,43.74,32.74,14.9,10.72,11.65,12.27,12.67,13.15,13.58,13.95,11.88,10.89,10.41,10.44,10.66,10.55,10.8,10.88,11.25,11.57,12.48,12.73,12.98,13.31,13.65,13.93,14.25,14.55,14.88,15.14,15.42,15.67,15.95,16.24,16.49,16.72,16.92,17.11,17.32,17.47,17.73,17.91,18.03,18.18,18.32,18.48,18.59,18.7,18.82,18.89,18.96,19.07,19.16,19.25,19.31,19.35,19.42,19.46,19.5,19.55,19.6,19.63,19.67,19.7,19.72,19.74,19.76,19.79,19.81,19.85,19.87,19.88,19.9,19.92,19.93,19.94,19.95,19.96,19.98,19.98,19.98,19.98,19.98,19.98,19.98,19.98,19.98,19.98,19.98,0.16,0.78,1.38,14.08,15.26,20.5,22.58,26.46,29.96,31.59,32.19,32.47,31.68,30.72,21.46,20.41,20.02,19.79,19.63,19.48,19.32,19.18,13.57,7.73,4.91,4.24,3.9,3.73,3.82,4.1,3.79,3.52,3.54,3.45,3.38,3.28,3.16,3.07,2.9,2.78,2.64,2.55,2.4,2.29,2.16,2.01,1.89,1.8,1.71,1.61,1.51,1.45,1.33,1.26,1.19,1.15,1.09,0.99,0.95,0.87,0.82,0.77,0.72,0.66,0.59,0.55,0.5,0.49,0.45,0.42,0.39,0.34,0.32,0.3,0.26,0.24,0.23,0.21,0.2,0.18,0.15,0.14,0.12,0.12,0.11,0.09,0.09,0.08,0.07,0.06,0.02,0.02,0.02,0.02,0.02,0.02,0.02,0.02,0.02,0.02,0.02,-78.85,-78.38,-77.26,-73.52,-71.55,-65.86,-63.87,-59.46,-54.47,-51.72,-50.35,-48.99,-40.41,-27.54,-8.77,-2.6,-1.18,-0.37,0.1,0.7,1.14,1.51,5.88,7.44,8.47,8.94,9.4,10.0,10.49,10.88,11.25,11.57,12.48,12.73,12.98,13.31,13.65,13.93,14.25,14.55,14.88,15.14,15.42,15.67,15.95,16.24,16.49,16.72,16.92,17.11,17.32,17.47,17.73,17.91,18.03,18.18,18.32,18.48,18.59,18.7,18.82,18.89,18.96,19.07,19.16,19.25,19.31,19.35,19.42,19.46,19.5,19.55,19.6,19.63,19.67,19.7,19.72,19.74,19.76,19.79,19.81,19.85,19.87,19.88,19.9,19.92,19.93,19.94,19.95,19.96,19.98,19.98,19.98,19.98,19.98,19.98,19.98,19.98,19.98,19.98,19.98,0.16,0.78,1.38,14.08,16.06,21.46,23.56,27.33,30.79,33.32,34.39,34.73,35.83,35.45,24.61,22.91,23.13,23.28,23.37,23.49,23.59,23.67,17.05,11.08,7.8,6.86,6.36,5.01,4.61,4.1,3.79,3.52,3.54,3.45,3.38,3.28,3.16,3.07,2.9,2.78,2.64,2.55,2.4,2.29,2.16,2.01,1.89,1.8,1.71,1.61,1.51,1.45,1.33,1.26,1.19,1.15,1.09,0.99,0.95,0.87,0.82,0.77,0.72,0.66,0.59,0.55,0.5,0.49,0.45,0.42,0.39,0.34,0.32,0.3,0.26,0.24,0.23,0.21,0.2,0.18,0.15,0.14,0.12,0.12,0.11,0.09,0.09,0.08,0.07,0.06,0.02,0.02,0.02,0.02,0.02,0.02,0.02,0.02,0.02,0.02,0.02
p,30.0,0.23,0.02,68.9,68.57,66.98,65.41,62.28,57.75,54.37,51.55,49.56,47.94,46.26,42.78,40.48,28.51,12.93,11.57,12.61,13.72,14.43,14.98,15.34,15.73,16.17,16.66,15.71,16.29,16.69,17.07,17.52,17.99,18.34,18.9,19.38,19.88,20.32,20.74,21.13,21.45,21.9,22.41,22.82,23.22,23.61,23.93,24.21,24.55,24.88,25.18,25.48,25.81,26.02,26.28,26.59,26.86,27.14,27.36,27.55,27.72,27.91,28.06,28.22,28.35,28.48,28.6,28.72,28.82,28.96,29.06,29.15,29.23,29.27,29.37,29.43,29.5,29.56,29.61,29.68,29.73,29.77,29.8,29.82,29.84,29.87,29.89,29.91,29.95,29.96,29.96,29.96,29.97,29.97,29.97,29.97,29.97,29.97,29.97,29.97,29.97,29.97,29.97,29.97,0.19,0.62,2.42,5.34,10.68,15.81,19.93,22.74,24.51,25.82,26.6,27.14,26.21,24.91,16.35,14.18,13.1,12.72,12.43,12.22,12.12,12.03,12.03,11.65,6.64,6.4,6.35,6.2,6.13,6.01,5.92,5.77,5.62,5.51,5.38,5.22,5.15,5.03,4.9,4.66,4.48,4.32,4.17,4.03,3.9,3.73,3.52,3.42,3.22,3.03,2.92,2.79,2.55,2.38,2.23,2.09,1.96,1.86,1.72,1.65,1.51,1.39,1.29,1.2,1.13,1.05,0.92,0.82,0.76,0.69,0.65,0.57,0.52,0.47,0.42,0.37,0.29,0.25,0.23,0.2,0.18,0.18,0.15,0.13,0.1,0.05,0.04,0.04,0.04,0.03,0.02,0.02,0.02,0.02,0.02,0.02,0.02,0.02,0.02,0.02,0.02,-68.9,-68.57,-66.98,-65.41,-62.28,-55.35,-51.97,-49.15,-47.16,-45.5,-43.56,-39.55,-34.04,-21.44,-3.05,3.0,5.5,6.83,7.76,8.5,9.22,9.77,10.53,11.45,15.71,16.29,16.69,17.07,17.52,17.99,18.34,18.9,19.38,19.88,20.32,20.74,21.13,21.45,21.9,22.41,22.82,23.22,23.61,23.93,24.21,24.55,24.88,25.18,25.48,25.81,26.02,26.28,26.59,26.86,27.14,27.36,27.55,27.72,27.91,28.06,28.22,28.35,28.48,28.6,28.72,28.82,28.96,29.06,29.15,29.23,29.27,29.37,29.43,29.5,29.56,29.61,29.68,29.73,29.77,29.8,29.82,29.84,29.87,29.89,29.91,29.95,29.96,29.96,29.96,29.97,29.97,29.97,29.97,29.97,29.97,29.97,29.97,29.97,29.97,29.97,29.97,0.19,0.62,2.42,5.34,10.68,22.83,25.54,27.54,28.86,29.91,30.83,31.66,34.16,31.2,20.63,18.06,17.34,17.43,17.4,17.37,17.23,17.22,17.18,16.8,6.64,6.4,6.35,6.2,6.13,6.01,5.92,5.77,5.62,5.51,5.38,5.22,5.15,5.03,4.9,4.66,4.48,4.32,4.17,4.03,3.9,3.73,3.52,3.42,3.22,3.03,2.92,2.79,2.55,2.38,2.23,2.09,1.96,1.86,1.72,1.65,1.51,1.39,1.29,1.2,1.13,1.05,0.92,0.82,0.76,0.69,0.65,0.57,0.52,0.47,0.42,0.37,0.29,0.25,0.23,0.2,0.18,0.18,0.15,0.13,0.1,0.05,0.04,0.04,0.04,0.03,0.02,0.02,0.02,0.02,0.02,0.02,0.02,0.02,0.02,0.02,0.02
p,40.0,0.23,0.02,58.9,58.75,56.46,53.93,51.28,50.09,48.5,46.54,45.16,43.79,42.71,41.51,37.01,20.02,11.38,10.57,12.21,13.6,14.69,15.37,16.07,16.65,17.44,18.67,19.64,20.41,21.03,21.71,22.36,22.94,23.41,24.05,24.62,25.2,25.77,26.38,27.06,27.77,28.43,29.28,29.84,30.4,30.93,31.56,32.08,32.68,33.18,33.79,34.27,34.73,35.05,35.38,35.64,36.05,36.35,36.65,36.96,37.24,37.46,37.65,37.88,38.06,38.24,38.39,38.53,38.69,38.84,38.97,39.05,39.17,39.26,39.33,39.38,39.46,39.55,39.6,39.67,39.7,39.73,39.75,39.79,39.82,39.84,39.87,39.89,39.9,39.9,39.93,39.94,39.96,39.97,39.97,39.97,39.97,39.98,39.98,39.98,39.98,39.98,39.98,39.98,0.2,0.36,4.23,8.51,11.98,13.44,14.75,16.81,18.22,19.52,20.41,20.54,20.74,18.56,12.32,11.79,11.08,10.24,9.5,8.86,8.52,7.65,6.26,7.03,7.37,7.43,7.32,7.28,7.26,7.17,7.09,6.91,6.81,6.71,6.51,6.41,6.25,6.07,5.88,5.58,5.4,5.19,4.94,4.64,4.41,4.12,3.9,3.59,3.38,3.18,3.02,2.87,2.72,2.49,2.38,2.26,2.11,1.91,1.77,1.65,1.57,1.46,1.31,1.24,1.14,1.05,0.99,0.91,0.86,0.78,0.69,0.65,0.62,0.55,0.49,0.44,0.38,0.34,0.3,0.29,0.24,0.21,0.2,0.17,0.15,0.13,0.12,0.1,0.08,0.05,0.05,0.05,0.05,0.05,0.02,0.02,0.02,0.02,0.02,0.02,0.02,-58.9,-58.75,-53.58,-50.73,-48.09,-46.9,-45.31,-43.34,-41.97,-40.59,-39.4,-37.94,-33.18,-15.18,-2.85,3.98,6.87,8.8,10.18,11.28,12.5,13.5,14.93,18.67,19.64,20.41,21.03,21.71,22.36,22.94,23.41,24.05,24.62,25.2,25.77,26.38,27.06,27.77,28.43,29.28,29.84,30.4,30.93,31.56,32.08,32.68,33.18,33.79,34.27,34.73,35.05,35.38,35.64,36.05,36.35,36.65,36.96,37.24,37.46,37.65,37.88,38.06,38.24,38.39,38.53,38.69,38.84,38.97,39.05,39.17,39.26,39.33,39.38,39.46,39.55,39.6,39.67,39.7,39.73,39.75,39.79,39.82,39.84,39.87,39.89,39.9,39.9,39.93,39.94,39.96,39.97,39.97,39.97,39.97,39.98,39.98,39.98,39.98,39.98,39.98,39.98,0.2,0.36,18.3,20.17,21.47,22.15,22.74,23.87,24.7,25.52,26.22,26.57,26.43,22.69,16.53,15.33,14.99,14.57,14.23,13.69,13.21,12.39,10.97,7.03,7.37,7.43,7.32,7.28,7.26,7.17,7.09,6.91,6.81,6.71,6.51,6.41,6.25,6.07,5.88,5.58,5.4,5.19,4.94,4.64,4.41,4.12,3.9,3.59,3.38,3.18,3.02,2.87,2.72,2.49,2.38,2.26,2.11,1.91,1.77,1.65,1.57,1.46,1.31,1.24,1.14,1.05,0.99,0.91,0.86,0.78,0.69,0.65,0.62,0.55,0.49,0.44,0.38,0.34,0.3,0.29,0.24,0.21,0.2,0.17,0.15,0.13,0.12,0.1,0.08,0.05,0.05,0.05,0.05,0.05,0.02,0.02,0.02,0.02,0.02,0.02,0.02
p,50.0,0.23,0.02,48.8,48.6,47.53,43.82,40.95,39.29,37.85,35.47,32.99,30.33,27.12,26.24,22.15,13.5,9.33,9.95,12.18,13.84,15.1,16.3,17.45,18.65,19.48,20.31,21.39,22.19,23.21,24.17,25.06,25.95,26.89,27.82,28.8,29.64,30.49,31.34,32.49,33.51,34.48,35.34,36.3,36.95,37.65,38.43,39.14,39.97,40.6,41.35,42.0,42.49,43.09,43.56,44.02,44.46,44.97,45.31,45.73,46.08,46.43,46.71,47.01,47.3,47.52,47.74,47.97,48.17,48.37,48.61,48.73,48.87,49.0,49.14,49.22,49.3,49.39,49.44,49.5,49.58,49.63,49.71,49.74,49.77,49.8,49.84,49.87,49.89,49.91,49.93,49.95,49.96,49.96,49.96,49.97,49.98,49.98,49.98,49.98,49.98,49.98,49.98,49.98,0.2,0.35,0.92,8.84,11.59,13.04,13.82,14.8,15.8,17.08,18.58,18.34,18.23,12.49,9.27,5.93,5.34,5.56,5.82,6.03,6.41,6.44,6.8,7.14,7.77,7.83,7.45,7.01,6.81,6.69,6.64,6.38,6.25,6.06,6.03,5.91,5.74,5.53,5.33,5.19,5.08,4.92,4.72,4.48,4.38,4.23,4.1,3.88,3.59,3.45,3.26,3.12,2.95,2.86,2.67,2.53,2.41,2.27,2.12,1.94,1.83,1.71,1.59,1.46,1.29,1.2,1.1,1.0,0.93,0.85,0.81,0.74,0.68,0.6,0.52,0.48,0.45,0.38,0.32,0.3,0.27,0.26,0.24,0.21,0.16,0.15,0.12,0.1,0.07,0.05,0.05,0.05,0.03,0.01,0.01,0.01,0.01,0.01,0.01,0.01,0.01,-48.8,-48.6,-47.53,-43.82,-40.58,-38.58,-37.04,-34.41,-31.78,-28.59,-24.99,-22.55,-17.69,-6.87,1.7,8.02,11.38,13.28,14.61,15.92,17.14,18.37,19.31,20.22,21.36,22.19,23.21,24.17,25.06,25.95,26.89,27.82,28.8,29.64,30.49,31.34,32.49,33.51,34.48,35.34,36.3,36.95,37.65,38.43,39.14,39.97,40.6,41.35,42.0,42.49,43.09,43.56,44.02,44.46,44.97,45.31,45.73,46.08,46.43,46.71,47.01,47.3,47.52,47.74,47.97,48.17,48.37,48.61,48.73,48.87,49.0,49.14,49.22,49.3,49.39,49.44,49.5,49.58,49.63,49.71,49.74,49.77,49.8,49.84,49.87,49.89,49.91,49.93,49.95,49.96,49.96,49.96,49.97,49.98,49.98,49.98,49.98,49.98,49.98,49.98,49.98,0.2,0.35,0.92,8.84,12.81,15.02,15.87,17.13,18.11,19.86,21.35,22.73,22.58,17.05,13.04,8.35,6.88,6.79,6.95,6.98,7.18,7.19,7.28,7.41,7.86,7.83,7.45,7.01,6.81,6.69,6.64,6.38,6.25,6.06,6.03,5.91,5.74,5.53,5.33,5.19,5.08,4.92,4.72,4.48,4.38,4.23,4.1,3.88,3.59,3.45,3.26,3.12,2.95,2.86,2.67,2.53,2.41,2.27,2.12,1.94,1.83,1.71,1.59,1.46,1.29,1.2,1.1,1.0,0.93,0.85,0.81,0.74,0.68,0.6,0.52,0.48,0.45,0.38,0.32,0.3,0.27,0.26,0.24,0.21,0.16,0.15,0.12,0.1,0.07,0.05,0.05,0.05,0.03,0.01,0.01,0.01,0.01,0.01,0.01,0.01,0.01
p,60.0,0.23,0.02,38.91,38.67,37.75,37.81,36.06,34.15,32.44,30.65,27.66,26.37,26.64,26.7,25.32,21.81,18.04,18.4,20.8,22.5,24.49,25.84,27.17,28.47,30.52,31.5,32.55,33.43,34.22,35.25,36.26,36.97,37.78,38.8,39.98,40.69,41.43,42.15,42.79,43.58,44.3,45.18,46.06,46.71,47.59,48.44,49.05,49.7,50.32,50.91,51.44,52.04,52.62,53.24,53.79,54.29,54.76,55.13,55.45,55.78,56.08,56.49,56.81,57.2,57.48,57.71,57.93,58.13,58.34,58.49,58.7,58.86,58.99,59.09,59.2,59.28,59.33,59.45,59.53,59.61,59.68,59.75,59.8,59.83,59.87,59.9,59.91,59.93,59.95,59.95,59.97,59.97,59.97,59.97,59.97,59.97,59.97,59.97,59.97,59.97,59.97,59.97,59.97,0.19,0.56,0.96,4.89,7.0,9.86,11.54,13.07,15.16,16.04,16.59,16.97,16.62,18.01,16.86,17.13,16.4,15.99,15.06,14.74,14.42,13.84,14.75,14.4,14.21,13.87,13.63,13.26,13.06,12.92,12.67,12.52,12.66,12.33,11.97,11.6,11.25,10.77,10.39,9.93,9.46,9.07,8.61,8.14,7.77,7.36,6.89,6.44,6.08,5.76,5.39,4.9,4.56,4.24,3.98,3.73,3.55,3.31,3.08,2.83,2.63,2.28,2.04,1.88,1.69,1.52,1.35,1.28,1.09,0.98,0.89,0.82,0.75,0.68,0.63,0.52,0.43,0.36,0.32,0.27,0.23,0.19,0.15,0.11,0.09,0.06,0.05,0.05,0.02,0.02,0.02,0.02,0.02,0.02,0.02,0.02,0.02,0.02,0.02,0.02,0.02,-38.91,-38.67,-37.75,-33.02,-31.27,-29.35,-27.65,-25.86,-22.64,-19.23,-17.37,-15.86,-11.28,0.63,9.86,14.62,17.62,19.57,21.57,22.92,24.26,25.62,30.52,31.5,32.55,33.43,34.22,35.25,36.26,36.97,37.78,38.8,39.98,40.69,41.43,42.15,42.79,43.58,44.3,45.18,46.06,46.71,47.59,48.44,49.05,49.7,50.32,50.91,51.44,52.04,52.62,53.24,53.79,54.29,54.76,55.13,55.45,55.78,56.08,56.49,56.81,57.2,57.48,57.71,57.93,58.13,58.34,58.49,58.7,58.86,58.99,59.09,59.2,59.28,59.33,59.45,59.53,59.61,59.68,59.75,59.8,59.83,59.87,59.9,59.91,59.93,59.95,59.95,59.97,59.97,59.97,59.97,59.97,59.97,59.97,59.97,59.97,59.97,59.97,59.97,59.97,0.19,0.56,0.96,19.07,19.29,20.05,20.53,21.02,21.95,24.14,26.14,27.38,28.11,28.28,22.63,20.44,19.78,19.47,19.01,18.96,18.91,18.59,14.75,14.4,14.21,13.87,13.63,13.26,13.06,12.92,12.67,12.52,12.66,12.33,11.97,11.6,11.25,10.77,10.39,9.93,9.46,9.07,8.61,8.14,7.77,7.36,6.89,6.44,6.08,5.76,5.39,4.9,4.56,4.24,3.98,3.73,3.55,3.31,3.08,2.83,2.63,2.28,2.04,1.88,1.69,1.52,1.35,1.28,1.09,0.98,0.89,0.82,0.75,0.68,0.63,0.52,0.43,0.36,0.32,0.27,0.23,0.19,0.15,0.11,0.09,0.06,0.05,0.05,0.02,0.02,0.02,0.02,0.02,0.02,0.02,0.02,0.02,0.02,0.02,0.02,0.02
p,70.0,0.23,0.02,28.8,28.54,29.08,27.69,26.67,25.73,24.47,22.97,21.82,21.38,21.62,21.16,21.8,18.13,18.62,21.53,24.94,28.41,30.25,32.11,33.47,34.64,35.61,36.63,37.8,38.94,39.96,40.99,42.07,42.84,43.86,44.72,45.6,46.52,47.56,48.49,49.4,50.37,51.6,52.53,53.38,54.27,55.16,56.14,56.93,57.69,58.43,59.14,59.91,60.47,61.1,61.58,62.16,62.72,63.13,63.57,64.02,64.43,64.8,65.2,65.48,65.75,65.99,66.3,66.62,66.89,67.15,67.36,67.61,67.77,67.96,68.1,68.22,68.35,68.45,68.61,68.74,68.87,68.95,69.04,69.09,69.19,69.27,69.35,69.4,69.47,69.49,69.52,69.54,69.61,69.62,69.64,69.67,69.69,69.72,69.77,69.81,69.83,69.85,69.91,69.94,0.43,0.8,8.74,10.23,10.51,10.96,11.83,12.93,13.49,13.95,15.11,15.95,19.07,19.54,22.29,20.91,19.81,19.77,19.15,18.29,17.81,17.44,17.15,16.76,16.39,16.11,15.97,15.67,15.28,15.01,14.61,14.3,14.09,13.74,13.42,13.05,12.71,12.23,11.67,11.27,11.02,10.6,10.17,9.82,9.35,8.96,8.68,8.48,8.14,7.9,7.72,7.52,7.17,6.92,6.76,6.51,6.34,6.19,6.01,5.8,5.64,5.46,5.37,5.2,5.11,4.83,4.69,4.47,4.28,4.08,3.97,3.86,3.78,3.72,3.66,3.54,3.4,3.15,3.08,2.94,2.9,2.65,2.54,2.49,2.43,2.15,2.11,2.1,2.04,1.73,1.68,1.64,1.48,1.4,1.22,0.98,0.8,0.68,0.62,0.31,0.15,-28.8,-28.54,-23.48,-22.09,-20.89,-19.72,-18.35,-16.61,-15.12,-12.53,-10.89,-9.33,-3.09,4.53,14.68,21.53,24.94,28.41,30.25,32.11,33.47,34.64,35.61,36.63,37.8,38.94,39.96,40.99,42.07,42.84,43.86,44.72,45.6,46.52,47.56,48.49,49.4,50.37,51.6,52.53,53.38,54.27,55.16,56.14,56.93,57.69,58.43,59.14,59.91,60.47,61.1,61.58,62.16,62.72,63.13,63.57,64.02,64.43,64.8,65.2,65.48,65.75,65.99,66.3,66.62,66.89,67.15,67.36,67.61,67.77,67.96,68.1,68.22,68.35,68.45,68.61,68.74,68.87,68.95,69.04,69.09,69.19,69.27,69.35,69.4,69.47,69.49,69.52,69.54,69.61,69.62,69.64,69.67,69.69,69.72,69.77,69.81,69.83,69.85,69.91,69.94,0.43,0.8,19.25,19.58,19.63,19.83,20.04,20.46,20.73,22.24,24.02,24.8,28.8,26.27,25.07,20.91,19.81,19.77,19.15,18.29,17.81,17.44,17.15,16.76,16.39,16.11,15.97,15.67,15.28,15.01,14.61,14.3,14.09,13.74,13.42,13.05,12.71,12.23,11.67,11.27,11.02,10.6,10.17,9.82,9.35,8.96,8.68,8.48,8.14,7.9,7.72,7.52,7.17,6.92,6.76,6.51,6.34,6.19,6.01,5.8,5.64,5.46,5.37,5.2,5.11,4.83,4.69,4.47,4.28,4.08,3.97,3.86,3.78,3.72,3.66,3.54,3.4,3.15,3.08,2.94,2.9,2.65,2.54,2.49,2.43,2.15,2.11,2.1,2.04,1.73,1.68,1.64,1.48,1.4,1.22,0.98,0.8,0.68,0.62,0.31,0.15
p,80.0,0.23,0.02,18.89,18.64,17.87,17.15,15.76,14.85,14.53,14.31,14.33,14.57,14.81,15.08,12.74,16.61,19.59,20.8,24.32,27.1,30.01,31.64,33.21,34.77,38.63,40.3,41.97,43.38,44.88,46.08,47.08,48.33,49.78,51.13,52.27,53.24,54.38,55.63,56.79,58.09,59.02,60.09,61.43,62.55,63.67,65.01,66.13,67.38,68.12,68.97,69.77,70.55,71.36,72.02,72.64,73.32,73.78,74.27,74.8,75.31,75.74,76.13,76.42,76.82,77.17,77.43,77.7,77.94,78.12,78.33,78.47,78.66,78.82,78.95,79.08,79.22,79.35,79.44,79.54,79.61,79.67,79.72,79.78,79.82,79.86,79.9,79.92,79.94,79.94,79.95,79.96,79.96,79.97,79.97,79.97,79.97,79.97,79.97,79.97,79.97,79.97,79.97,79.97,0.17,0.65,0.78,1.59,4.5,5.65,5.8,5.83,5.41,4.85,4.62,4.64,6.46,13.98,14.81,15.94,15.75,15.29,15.79,15.82,15.56,15.82,17.35,16.98,16.44,16.27,16.09,15.79,15.57,15.49,15.21,14.92,14.77,14.45,14.2,13.9,13.46,13.18,12.9,12.71,12.1,11.62,11.05,10.3,9.79,9.11,8.76,8.3,7.77,7.37,6.73,6.23,5.83,5.37,5.1,4.65,4.36,4.0,3.75,3.49,3.33,3.04,2.71,2.47,2.3,2.08,1.94,1.72,1.65,1.41,1.2,1.1,0.97,0.84,0.7,0.6,0.47,0.43,0.38,0.33,0.26,0.23,0.19,0.11,0.1,0.08,0.06,0.05,0.04,0.03,0.03,0.03,0.03,0.02,0.02,0.02,0.02,0.02,0.02,0.02,0.02,-18.89,-18.64,-17.87,-17.15,-15.76,-14.66,-13.89,-13.23,-12.67,-10.73,-10.09,-9.21,-5.64,4.87,11.67,16.37,21.63,24.41,27.32,28.96,30.55,32.19,37.4,40.3,41.97,43.38,44.88,46.08,47.08,48.33,49.78,51.13,52.27,53.24,54.38,55.63,56.79,58.09,59.02,60.09,61.43,62.55,63.67,65.01,66.13,67.38,68.12,68.97,69.77,70.55,71.36,72.02,72.64,73.32,73.78,74.27,74.8,75.31,75.74,76.13,76.42,76.82,77.17,77.43,77.7,77.94,78.12,78.33,78.47,78.66,78.82,78.95,79.08,79.22,79.35,79.44,79.54,79.61,79.67,79.72,79.78,79.82,79.86,79.9,79.92,79.94,79.94,79.95,79.96,79.96,79.97,79.97,79.97,79.97,79.97,79.97,79.97,79.97,79.97,79.97,79.97,0.17,0.65,0.78,1.59,4.5,6.12,7.2,7.98,8.62,10.99,11.79,12.81,13.13,21.15,21.61,20.46,19.28,19.3,20.09,20.31,20.3,20.58,19.87,16.98,16.44,16.27,16.09,15.79,15.57,15.49,15.21,14.92,14.77,14.45,14.2,13.9,13.46,13.18,12.9,12.71,12.1,11.62,11.05,10.3,9.79,9.11,8.76,8.3,7.77,7.37,6.73,6.23,5.83,5.37,5.1,4.65,4.36,4.0,3.75,3.49,3.33,3.04,2.71,2.47,2.3,2.08,1.94,1.72,1.65,1.41,1.2,1.1,0.97,0.84,0.7,0.6,0.47,0.43,0.38,0.33,0.26,0.23,0.19,0.11,0.1,0.08,0.06,0.05,0.04,0.03,0.03,0.03,0.03,0.02,0.02,0.02,0.02,0.02,0.02,0.02,0.02
p,90.0,0.23,0.02,8.87,8.73,8.02,10.31,9.04,8.65,8.81,9.15,9.59,9.95,10.51,10.88,17.0,18.53,22.8,27.92,30.7,33.02,34.77,36.16,37.41,38.85,40.19,41.62,43.39,45.57,46.92,48.55,50.05,51.53,53.01,54.38,55.68,56.98,58.36,59.62,61.17,62.47,63.77,65.48,66.97,68.19,69.13,70.41,71.59,72.63,73.53,74.69,75.57,76.38,77.16,77.89,78.72,79.45,80.23,80.86,81.45,82.02,82.59,83.22,83.73,84.16,84.67,85.1,85.53,85.99,86.34,86.62,86.86,87.11,87.44,87.62,87.79,87.95,88.08,88.28,88.42,88.55,88.69,88.78,88.92,89.0,89.08,89.18,89.24,89.32,89.37,89.4,89.46,89.52,89.56,89.58,89.63,89.67,89.71,89.76,89.77,89.82,89.84,89.9,89.97,0.46,0.56,0.84,16.37,16.74,16.89,16.83,16.71,16.61,16.55,16.45,16.52,23.9,26.95,25.8,24.99,24.08,23.49,23.01,22.64,22.39,22.1,22.27,22.24,21.23,20.17,19.73,19.28,18.81,18.46,18.12,17.81,17.48,17.26,16.85,16.52,16.04,15.81,15.43,14.78,14.2,13.76,13.26,12.72,12.31,11.82,11.45,10.91,10.46,10.07,9.68,9.4,9.02,8.65,8.27,8.0,7.9,7.62,7.38,7.12,6.89,6.73,6.48,6.34,6.12,5.86,5.75,5.57,5.38,5.1,4.77,4.68,4.63,4.62,4.6,4.46,4.32,4.21,4.1,4.02,3.82,3.67,3.46,3.16,2.99,2.79,2.65,2.57,2.4,2.17,2.0,1.89,1.64,1.46,1.29,1.07,1.01,0.75,0.68,0.34,0.02,-8.87,-8.73,-8.02,-3.11,-1.6,-0.67,-0.03,0.69,1.3,1.97,2.81,3.94,11.56,16.14,21.83,27.44,30.23,32.6,34.43,35.88,37.2,38.7,40.19,41.62,43.39,45.57,46.92,48.55,50.05,51.53,53.01,54.38,55.68,56.98,58.36,59.62,61.17,62.47,63.77,65.48,66.97,68.19,69.13,70.41,71.59,72.63,73.53,74.69,75.57,76.38,77.16,77.89,78.72,79.45,80.23,80.86,81.45,82.02,82.59,83.22,83.73,84.16,84.67,85.1,85.53,85.99,86.34,86.62,86.86,87.11,87.44,87.62,87.79,87.95,88.08,88.28,88.42,88.55,88.69,88.78,88.92,89.0,89.08,89.18,89.24,89.32,89.37,89.4,89.46,89.52,89.56,89.58,89.63,89.67,89.71,89.76,89.77,89.82,89.84,89.9,89.97,0.46,0.56,0.84,19.1,18.96,18.97,19.0,19.04,19.14,19.21,19.32,19.38,26.96,28.45,26.62,25.52,24.67,24.06,23.52,23.08,22.73,22.34,22.27,22.24,21.23,20.17,19.73,19.28,18.81,18.46,18.12,17.81,17.48,17.26,16.85,16.52,16.04,15.81,15.43,14.78,14.2,13.76,13.26,12.72,12.31,11.82,11.45,10.91,10.46,10.07,9.68,9.4,9.02,8.65,8.27,8.0,7.9,7.62,7.38,7.12,6.89,6.73,6.48,6.34,6.12,5.86,5.75,5.57,5.38,5.1,4.77,4.68,4.63,4.62,4.6,4.46,4.32,4.21,4.1,4.02,3.82,3.67,3.46,3.16,2.99,2.79,2.65,2.57,2.4,2.17,2.0,1.89,1.64,1.46,1.29,1.07,1.01,0.75,0.68,0.34,0.02
p,100.0,0.22,0.02,1.1,1.27,1.79,2.56,2.99,3.66,4.12,4.86,5.6,6.79,7.75,8.58,13.58,19.77,24.72,29.35,32.77,35.11,37.18,39.02,40.87,43.08,46.63,52.77,55.77,57.15,58.61,60.14,61.75,62.84,64.35,65.75,66.79,68.31,69.67,71.17,72.8,74.18,75.36,76.63,77.93,79.2,80.39,81.35,82.27,83.17,84.2,85.08,86.04,87.14,88.15,88.91,89.73,90.43,90.99,91.68,92.19,92.76,93.33,93.83,94.2,94.67,95.16,95.56,95.97,96.24,96.58,96.94,97.28,97.62,97.84,98.11,98.31,98.57,98.77,98.95,99.12,99.23,99.32,99.43,99.53,99.62,99.7,99.75,99.82,99.87,99.92,99.95,99.96,99.98,99.99,100.0,100.0,100.0,100.0,100.0,100.0,100.0,100.0,100.0,100.0,0.13,0.42,0.67,1.5,2.32,4.31,5.27,6.96,7.92,9.27,10.78,11.48,21.4,26.57,25.14,23.9,23.18,22.71,22.35,22.06,22.07,22.15,20.52,20.76,22.28,21.99,21.66,21.27,21.28,21.0,20.53,20.31,19.9,19.42,18.92,18.35,17.95,17.41,16.88,16.21,15.55,14.89,14.25,13.91,13.21,12.72,12.0,11.35,10.77,10.05,9.36,8.8,8.25,7.77,7.35,6.79,6.42,5.99,5.58,5.26,5.0,4.72,4.41,4.08,3.73,3.47,3.14,2.9,2.6,2.32,2.16,1.97,1.76,1.5,1.34,1.21,1.0,0.91,0.86,0.75,0.62,0.51,0.45,0.38,0.29,0.23,0.18,0.1,0.08,0.03,0.02,,,,,,,,,,,1.1,1.27,1.79,2.56,2.99,3.66,4.12,4.86,5.6,6.79,7.75,8.58,13.58,19.77,24.72,29.35,32.77,35.11,37.18,39.02,40.87,43.08,46.63,52.77,55.77,57.15,58.61,60.14,61.75,62.84,64.35,65.75,66.79,68.31,69.67,71.17,72.8,74.18,75.36,76.63,77.93,79.2,80.39,81.35,82.27,83.17,84.2,85.08,86.04,87.14,88.15,88.91,89.73,90.43,90.99,91.68,92.19,92.76,93.33,93.83,94.2,94.67,95.16,95.56,95.97,96.24,96.58,96.94,97.28,97.62,97.84,98.11,98.31,98.57,98.77,98.95,99.12,99.23,99.32,99.43,99.53,99.62,99.7,99.75,99.82,99.87,99.92,99.95,99.96,99.98,99.99,100.0,100.0,100.0,100.0,100.0,100.0,100.0,100.0,100.0,100.0,0.13,0.42,0.67,1.5,2.32,4.31,5.27,6.96,7.92,9.27,10.78,11.48,21.4,26.57,25.14,23.9,23.18,22.71,22.35,22.06,22.07,22.15,20.52,20.76,22.28,21.99,21.66,21.27,21.28,21.0,20.53,20.31,19.9,19.42,18.92,18.35,17.95,17.41,16.88,16.21,15.55,14.89,14.25,13.91,13.21,12.72,12.0,11.35,10.77,10.05,9.36,8.8,8.25,7.77,7.35,6.79,6.42,5.99,5.58,5.26,5.0,4.72,4.41,4.08,3.73,3.47,3.14,2.9,2.6,2.32,2.16,1.97,1.76,1.5,1.34,1.21,1.0,0.91,0.86,0.75,0.62,0.51,0.45,0.38,0.29,0.23,0.18,0.1,0.08,0.03,0.02,,,,,,,,,,
g,0.0,0.23,0.02,99.65,98.92,94.54,91.95,89.14,87.7,86.19,84.17,79.77,76.9,74.47,71.81,64.83,54.98,37.48,26.01,19.1,15.94,13.55,11.95,11.09,8.39,0.74,0.57,0.45,0.37,0.31,0.26,0.22,0.18,0.15,0.12,0.12,0.09,0.08,0.07,0.07,0.07,0.07,0.07,0.07,0.06,0.06,0.06,0.06,0.05,0.05,0.04,0.04,0.04,0.03,0.03,0.03,0.03,0.03,0.03,0.03,0.03,0.03,0.03,0.03,0.03,0.03,0.03,0.03,0.03,0.03,0.03,0.03,0.03,0.03,0.03,0.03,0.03,0.03,0.03,0.03,0.03,0.03,0.02,0.02,0.02,0.02,0.02,0.02,0.02,0.02,0.02,0.01,0.01,0.01,0.01,0.01,0.0,0.0,0.0,0.0,0.0,0.0,0.0,0.0,0.05,1.4,3.05,5.0,8.34,10.23,11.8,13.95,20.62,25.08,28.9,30.03,29.41,31.27,29.83,29.17,26.47,26.54,26.59,26.68,26.52,24.85,0.63,0.51,0.41,0.36,0.3,0.25,0.22,0.19,0.16,0.13,0.13,0.09,0.07,0.06,0.05,0.05,0.05,0.05,0.05,0.05,0.05,0.05,0.04,0.04,0.05,0.05,0.04,0.04,0.04,0.04,0.04,0.04,0.04,0.04,0.04,0.04,0.03,0.03,0.03,0.03,0.03,0.03,0.03,0.03,0.03,0.03,0.03,0.03,0.03,0.03,0.03,0.03,0.03,0.03,0.03,0.03,0.03,0.03,0.03,0.03,0.03,0.03,0.03,0.03,0.03,0.03,0.03,0.02,0.02,0.02,0.02,0.01,0.0,0.0,0.0,0.0,0.0,0.0,0.0,-99.65,-98.92,-94.54,-91.95,-89.14,-87.7,-86.19,-84.17,-79.77,-76.9,-74.47,-71.81,-64.83,-54.98,-37.48,-26.01,-19.1,-15.94,-13.55,-11.95,-11.09,-8.39,-0.74,-0.57,-0.45,-0.37,-0.31,-0.26,-0.22,-0.18,-0.15,-0.12,-0.12,-0.09,-0.08,-0.07,-0.07,-0.07,-0.07,-0.07,-0.07,-0.06,-0.06,-0.06,-0.06,-0.05,-0.05,-0.04,-0.04,-0.04,-0.03,-0.03,-0.03,-0.03,-0.03,-0.03,-0.03,-0.03,-0.03,-0.03,-0.03,-0.03,-0.03,-0.03,-0.03,-0.03,-0.03,-0.03,-0.03,-0.03,-0.03,-0.03,-0.03,-0.03,-0.03,-0.03,-0.03,-0.03,-0.03,-0.02,-0.02,-0.02,-0.02,-0.02,-0.02,-0.02,-0.02,-0.02,-0.01,-0.01,-0.01,-0.01,-0.01,-0.0,0.0,0.0,0.0,0.0,0.0,0.0,0.0,0.05,1.4,3.05,5.0,8.34,10.23,11.8,13.95,20.62,25.08,28.9,30.03,29.41,31.27,29.83,29.17,26.47,26.54,26.59,26.68,26.52,24.85,0.63,0.51,0.41,0.36,0.3,0.25,0.22,0.19,0.16,0.13,0.13,0.09,0.07,0.06,0.05,0.05,0.05,0.05,0.05,0.05,0.05,0.05,0.04,0.04,0.05,0.05,0.04,0.04,0.04,0.04,0.04,0.04,0.04,0.04,0.04,0.04,0.03,0.03,0.03,0.03,0.03,0.03,0.03,0.03,0.03,0.03,0.03,0.03,0.03,0.03,0.03,0.03,0.03,0.03,0.03,0.03,0.03,0.03,0.03,0.03,0.03,0.03,0.03,0.03,0.03,0.03,0.03,0.02,0.02,0.02,0.02,0.01,0.0,0.0,0.0,0.0,0.0,0.0,0.0
g,10.0,0.23,0.02,89.59,88.71,85.32,82.97,81.83,81.24,80.38,77.71,74.91,72.31,71.56,70.59,62.35,48.68,35.93,25.81,19.72,17.18,15.68,13.24,12.27,11.56,10.17,6.17,4.85,4.84,5.11,5.37,5.58,5.81,6.05,6.26,6.47,6.62,6.81,7.05,7.24,7.35,7.53,7.7,7.82,7.96,8.1,8.19,8.32,8.41,8.54,8.66,8.77,8.86,8.95,9.01,9.05,9.12,9.18,9.26,9.31,9.37,9.41,9.48,9.52,9.56,9.6,9.62,9.66,9.69,9.73,9.75,9.78,9.8,9.82,9.83,9.84,9.85,9.87,9.89,9.9,9.91,9.91,9.93,9.94,9.94,9.95,9.96,9.96,9.97,9.97,9.97,9.97,9.97,9.97,9.97,9.97,9.97,9.97,9.97,9.97,9.97,9.97,9.97,9.97,0.1,1.41,2.52,3.63,4.74,5.43,5.37,11.17,16.31,21.96,22.48,22.59,23.55,27.56,28.69,26.85,25.62,24.43,23.68,21.86,21.35,21.02,17.4,10.33,2.55,2.01,1.94,1.87,1.84,1.77,1.74,1.71,1.7,1.68,1.66,1.65,1.65,1.63,1.54,1.52,1.5,1.46,1.39,1.35,1.24,1.21,1.12,1.05,0.99,0.93,0.87,0.86,0.83,0.79,0.73,0.67,0.64,0.58,0.56,0.53,0.51,0.47,0.44,0.43,0.38,0.35,0.29,0.28,0.26,0.25,0.23,0.19,0.18,0.18,0.16,0.13,0.12,0.1,0.1,0.09,0.07,0.07,0.05,0.03,0.03,0.03,0.03,0.03,0.03,0.03,0.02,0.02,0.02,0.02,0.02,0.02,0.02,0.02,0.02,0.02,0.02,-89.59,-88.71,-85.32,-82.97,-81.83,-81.24,-80.38,-77.71,-74.91,-72.31,-71.42,-70.36,-62.02,-47.51,-34.59,-24.13,-17.47,-14.21,-12.14,-9.1,-7.44,-6.21,-4.07,1.51,3.88,4.84,5.11,5.37,5.58,5.81,6.05,6.26,6.47,6.62,6.81,7.05,7.24,7.35,7.53,7.7,7.82,7.96,8.1,8.19,8.32,8.41,8.54,8.66,8.77,8.86,8.95,9.01,9.05,9.12,9.18,9.26,9.31,9.37,9.41,9.48,9.52,9.56,9.6,9.62,9.66,9.69,9.73,9.75,9.78,9.8,9.82,9.83,9.84,9.85,9.87,9.89,9.9,9.91,9.91,9.93,9.94,9.94,9.95,9.96,9.96,9.97,9.97,9.97,9.97,9.97,9.97,9.97,9.97,9.97,9.97,9.97,9.97,9.97,9.97,9.97,9.97,0.1,1.41,2.52,3.63,4.74,5.43,5.37,11.17,16.31,21.96,22.91,23.3,24.4,29.53,30.29,28.36,27.2,26.27,25.68,23.88,23.48,23.17,19.74,11.94,3.87,2.01,1.94,1.87,1.84,1.77,1.74,1.71,1.7,1.68,1.66,1.65,1.65,1.63,1.54,1.52,1.5,1.46,1.39,1.35,1.24,1.21,1.12,1.05,0.99,0.93,0.87,0.86,0.83,0.79,0.73,0.67,0.64,0.58,0.56,0.53,0.51,0.47,0.44,0.43,0.38,0.35,0.29,0.28,0.26,0.25,0.23,0.19,0.18,0.18,0.16,0.13,0.12,0.1,0.1,0.09,0.07,0.07,0.05,0.03,0.03,0.03,0.03,0.03,0.03,0.03,0.02,0.02,0.02,0.02,0.02,0.02,0.02,0.02,0.02,0.02,0.02
g,20.0,0.23,0.02,79.51,78.51,74.73,71.14,67.02,64.95,63.55,61.15,57.69,53.28,51.24,49.11,43.01,33.13,22.11,15.03,12.29,11.07,10.25,9.98,10.31,10.78,11.46,12.07,12.45,12.81,13.13,13.45,13.7,14.0,14.3,14.6,14.94,15.26,15.49,15.77,16.04,16.3,16.55,16.78,17.04,17.3,17.52,17.72,18.01,18.28,18.48,18.72,18.91,19.11,19.29,19.43,19.24,17.14,17.54,17.75,17.94,18.09,18.24,18.33,18.45,18.59,18.69,18.76,18.88,18.97,19.04,19.14,19.23,19.31,19.38,19.47,19.53,19.58,19.63,19.68,19.73,19.78,19.81,19.84,19.87,19.88,19.9,19.91,19.93,19.94,19.96,19.96,19.97,19.97,19.97,19.97,19.97,19.97,19.97,19.97,19.97,19.97,19.97,19.97,19.97,0.13,1.51,3.6,6.06,10.11,13.28,15.03,17.2,17.77,22.14,23.23,23.47,21.87,22.8,18.71,16.55,15.47,14.36,13.07,12.88,12.85,12.71,12.45,12.21,12.07,11.95,11.83,11.65,11.58,11.45,11.36,11.23,11.12,11.02,10.94,10.83,10.74,10.66,10.52,10.45,10.35,10.27,10.19,10.13,10.04,9.95,9.89,9.81,9.75,9.68,9.56,9.42,7.73,3.74,2.6,2.38,2.19,2.14,2.0,1.98,1.84,1.77,1.66,1.63,1.44,1.29,1.22,1.19,1.0,0.95,0.76,0.58,0.49,0.46,0.4,0.31,0.27,0.23,0.18,0.15,0.13,0.12,0.11,0.09,0.07,0.06,0.04,0.04,0.03,0.03,0.02,0.02,0.02,0.02,0.02,0.02,0.02,0.02,0.02,0.02,0.02,-79.51,-78.51,-74.73,-71.14,-67.02,-64.95,-63.55,-61.15,-57.35,-51.89,-49.49,-46.89,-40.54,-28.54,-16.46,-7.78,-3.29,-0.79,1.63,3.72,4.67,5.33,6.07,6.69,7.07,7.43,7.75,8.1,8.35,8.66,8.97,9.28,9.62,9.94,10.17,10.46,10.73,10.99,11.27,11.5,11.77,12.03,12.26,12.45,12.75,13.02,13.21,13.46,13.65,13.86,14.06,14.24,14.73,17.14,17.54,17.75,17.94,18.09,18.24,18.33,18.45,18.59,18.69,18.76,18.88,18.97,19.04,19.14,19.23,19.31,19.38,19.47,19.53,19.58,19.63,19.68,19.73,19.78,19.81,19.84,19.87,19.88,19.9,19.91,19.93,19.94,19.96,19.96,19.97,19.97,19.97,19.97,19.97,19.97,19.97,19.97,19.97,19.97,19.97,19.97,19.97,0.13,1.51,3.6,6.06,10.11,13.28,15.03,17.2,18.83,25.21,26.75,27.63,26.17,28.33,23.84,20.96,19.48,18.11,16.53,15.86,15.8,15.79,15.8,15.81,15.84,15.87,15.88,15.84,15.88,15.87,15.91,15.91,15.95,15.99,16.01,16.02,16.04,16.08,16.06,16.08,16.09,16.12,16.14,16.17,16.21,16.24,16.27,16.3,16.32,16.34,16.3,16.24,14.59,3.74,2.6,2.38,2.19,2.14,2.0,1.98,1.84,1.77,1.66,1.63,1.44,1.29,1.22,1.19,1.0,0.95,0.76,0.58,0.49,0.46,0.4,0.31,0.27,0.23,0.18,0.15,0.13,0.12,0.11,0.09,0.07,0.06,0.04,0.04,0.03,0.03,0.02,0.02,0.02,0.02,0.02,0.02,0.02,0.02,0.02,0.02,0.02
g,30.0,0.23,0.02,69.24,68.38,64.3,59.62,57.88,55.95,54.19,52.12,48.77,46.41,43.41,41.26,36.39,29.69,17.56,11.23,9.76,9.92,9.68,11.19,12.46,13.25,13.89,14.46,14.92,15.43,15.9,16.32,16.78,17.13,17.55,17.99,18.43,18.95,19.29,19.7,19.99,20.35,20.75,21.15,21.51,21.91,22.47,22.94,23.35,23.77,24.17,24.54,24.88,25.23,25.58,25.89,26.17,26.33,26.56,26.77,26.99,27.21,27.37,27.53,27.66,27.81,28.03,28.19,28.34,28.5,28.62,28.75,28.8,28.89,28.98,29.1,29.18,29.25,29.32,29.37,29.43,29.49,29.51,29.57,29.59,29.62,29.67,29.69,29.73,29.74,29.76,29.77,29.78,29.8,29.82,29.83,29.85,29.86,29.87,29.89,29.9,29.9,29.91,29.93,29.94,1.39,2.41,4.23,9.78,9.17,10.92,12.28,13.46,16.78,18.77,20.71,21.81,21.59,19.96,15.97,11.35,10.66,9.81,9.04,8.28,7.82,7.47,7.24,7.01,6.83,6.67,6.49,6.38,6.23,6.08,5.94,5.84,5.73,5.6,5.56,5.45,5.39,5.3,5.2,5.01,4.95,4.8,4.66,4.49,4.29,4.08,3.92,3.79,3.63,3.49,3.33,3.19,3.02,2.95,2.84,2.71,2.62,2.5,2.45,2.43,2.37,2.32,2.24,2.2,2.18,2.16,2.11,2.02,1.95,1.94,1.84,1.68,1.61,1.53,1.49,1.48,1.39,1.31,1.28,1.23,1.17,1.13,1.06,1.06,1.01,1.0,0.93,0.89,0.86,0.78,0.7,0.69,0.56,0.53,0.49,0.38,0.34,0.31,0.27,0.17,0.12,-69.24,-68.38,-64.3,-57.98,-55.48,-53.56,-51.79,-49.72,-46.37,-43.93,-40.65,-38.32,-31.2,-24.0,-11.21,-0.46,4.41,7.05,9.46,11.19,12.46,13.25,13.89,14.46,14.92,15.43,15.9,16.32,16.78,17.13,17.55,17.99,18.43,18.95,19.29,19.7,19.99,20.35,20.75,21.15,21.51,21.91,22.47,22.94,23.35,23.77,24.17,24.54,24.88,25.23,25.58,25.89,26.17,26.33,26.56,26.77,26.99,27.21,27.37,27.53,27.66,27.81,28.03,28.19,28.34,28.5,28.62,28.75,28.8,28.89,28.98,29.1,29.18,29.25,29.32,29.37,29.43,29.49,29.51,29.57,29.59,29.62,29.67,29.69,29.73,29.74,29.76,29.77,29.78,29.8,29.82,29.83,29.85,29.86,29.87,29.89,29.9,29.9,29.91,29.93,29.94,1.39,2.41,4.23,16.98,18.86,19.54,20.12,20.62,22.57,24.01,25.71,26.65,28.58,26.53,20.93,15.96,13.76,12.04,9.26,8.28,7.82,7.47,7.24,7.01,6.83,6.67,6.49,6.38,6.23,6.08,5.94,5.84,5.73,5.6,5.56,5.45,5.39,5.3,5.2,5.01,4.95,4.8,4.66,4.49,4.29,4.08,3.92,3.79,3.63,3.49,3.33,3.19,3.02,2.95,2.84,2.71,2.62,2.5,2.45,2.43,2.37,2.32,2.24,2.2,2.18,2.16,2.11,2.02,1.95,1.94,1.84,1.68,1.61,1.53,1.49,1.48,1.39,1.31,1.28,1.23,1.17,1.13,1.06,1.06,1.01,1.0,0.93,0.89,0.86,0.78,0.7,0.69,0.56,0.53,0.49,0.38,0.34,0.31,0.27,0.17,0.12
g,40.0,0.23,0.02,59.4,58.18,55.13,50.34,49.93,47.49,46.62,46.14,45.42,44.68,43.9,42.3,38.53,29.71,19.67,11.89,11.62,13.46,15.74,17.02,17.9,18.73,19.41,19.95,20.35,20.9,20.78,21.08,21.33,21.95,22.55,23.16,23.78,24.58,25.43,26.15,26.85,27.62,28.15,28.79,29.44,30.09,30.61,31.1,31.62,32.3,32.86,33.39,33.79,34.23,34.59,34.89,35.19,35.56,35.78,36.1,36.38,36.64,36.86,37.13,37.39,37.57,37.79,38.05,38.26,38.43,38.57,38.75,38.87,39.0,39.11,39.19,39.29,39.36,39.44,39.54,39.59,39.67,39.73,39.78,39.82,39.84,39.88,39.9,39.91,39.93,39.95,39.96,39.96,39.96,39.97,39.97,39.97,39.97,39.98,39.98,39.98,39.98,39.98,39.98,39.98,0.14,1.96,2.5,10.53,5.49,10.03,10.53,10.53,10.89,11.2,11.61,13.02,13.27,15.52,15.03,12.59,13.03,12.27,11.09,10.4,9.84,9.4,8.98,8.48,8.22,7.87,7.88,8.13,8.47,8.1,7.76,7.47,7.11,6.72,6.41,6.18,5.98,5.74,5.61,5.4,5.21,4.98,4.79,4.66,4.43,4.17,3.97,3.81,3.65,3.42,3.32,3.15,2.99,2.77,2.7,2.55,2.41,2.3,2.21,2.02,1.87,1.76,1.68,1.56,1.43,1.31,1.23,1.07,0.96,0.86,0.8,0.74,0.67,0.59,0.52,0.46,0.42,0.32,0.28,0.23,0.18,0.16,0.14,0.12,0.11,0.1,0.07,0.04,0.04,0.04,0.02,0.02,0.02,0.02,0.02,0.02,0.02,0.02,0.02,0.02,0.02,-59.4,-58.18,-55.13,-50.34,-46.73,-43.34,-42.02,-41.17,-40.31,-39.47,-38.55,-36.78,-32.86,-20.61,-9.33,2.63,7.47,10.05,12.36,13.71,14.79,15.72,16.53,17.46,18.08,18.87,19.75,20.57,21.33,21.95,22.55,23.16,23.78,24.58,25.43,26.15,26.85,27.62,28.15,28.79,29.44,30.09,30.61,31.1,31.62,32.3,32.86,33.39,33.79,34.23,34.59,34.89,35.19,35.56,35.78,36.1,36.38,36.64,36.86,37.13,37.39,37.57,37.79,38.05,38.26,38.43,38.57,38.75,38.87,39.0,39.11,39.19,39.29,39.36,39.44,39.54,39.59,39.67,39.73,39.78,39.82,39.84,39.88,39.9,39.91,39.93,39.95,39.96,39.96,39.96,39.97,39.97,39.97,39.97,39.98,39.98,39.98,39.98,39.98,39.98,39.98,0.14,1.96,2.5,10.53,18.42,21.86,22.77,23.34,23.59,23.74,23.99,24.61,24.1,26.43,22.93,17.11,15.78,15.19,14.76,14.49,14.09,13.86,13.57,12.84,12.44,11.94,10.18,9.34,8.47,8.1,7.76,7.47,7.11,6.72,6.41,6.18,5.98,5.74,5.61,5.4,5.21,4.98,4.79,4.66,4.43,4.17,3.97,3.81,3.65,3.42,3.32,3.15,2.99,2.77,2.7,2.55,2.41,2.3,2.21,2.02,1.87,1.76,1.68,1.56,1.43,1.31,1.23,1.07,0.96,0.86,0.8,0.74,0.67,0.59,0.52,0.46,0.42,0.32,0.28,0.23,0.18,0.16,0.14,0.12,0.11,0.1,0.07,0.04,0.04,0.04,0.02,0.02,0.02,0.02,0.02,0.02,0.02,0.02,0.02,0.02,0.02
g,50.0,0.23,0.02,49.26,48.55,46.22,44.52,43.27,41.68,40.06,38.23,36.43,35.83,35.02,34.15,30.99,27.61,20.35,18.03,18.99,19.59,20.98,22.34,22.97,23.89,24.81,27.14,28.72,30.07,30.79,31.39,32.06,32.73,33.4,33.98,34.51,35.05,35.61,36.18,36.85,37.41,37.94,38.58,39.25,39.83,40.27,40.71,41.43,41.99,42.47,42.85,43.21,43.56,43.99,44.49,44.83,45.15,45.56,45.92,46.2,46.55,46.86,47.11,47.34,47.58,47.74,48.0,48.2,48.35,48.55,48.75,48.92,49.06,49.18,49.25,49.35,49.46,49.53,49.59,49.65,49.7,49.76,49.82,49.85,49.88,49.91,49.93,49.93,49.95,49.96,49.96,49.96,49.97,49.97,49.98,49.98,49.98,49.98,49.98,49.98,49.98,49.98,49.98,49.98,0.16,1.29,1.97,3.14,4.53,6.83,9.02,10.84,13.52,14.07,14.61,14.89,15.74,14.85,15.27,14.58,13.8,13.42,12.81,12.47,12.71,12.83,13.62,13.26,12.66,12.65,12.43,12.3,12.04,11.87,11.65,11.46,11.21,11.04,10.82,10.58,10.18,9.89,9.59,9.27,8.9,8.64,8.38,8.04,7.54,7.18,6.82,6.57,6.28,6.06,5.71,5.38,5.15,4.96,4.46,4.15,3.93,3.67,3.3,3.04,2.86,2.62,2.46,2.13,1.99,1.82,1.6,1.38,1.17,1.05,0.92,0.86,0.74,0.64,0.56,0.48,0.41,0.35,0.31,0.23,0.18,0.15,0.13,0.11,0.1,0.09,0.06,0.06,0.04,0.04,0.02,0.02,0.02,0.02,0.02,0.02,0.02,0.02,0.02,0.02,0.02,-49.26,-48.55,-42.31,-40.53,-39.27,-37.68,-36.06,-34.23,-31.89,-30.58,-29.42,-28.23,-24.37,-14.4,-5.12,2.8,7.04,9.74,12.1,14.22,15.98,17.44,23.0,26.44,28.72,30.07,30.79,31.39,32.06,32.73,33.4,33.98,34.51,35.05,35.61,36.18,36.85,37.41,37.94,38.58,39.25,39.83,40.27,40.71,41.43,41.99,42.47,42.85,43.21,43.56,43.99,44.49,44.83,45.15,45.56,45.92,46.2,46.55,46.86,47.11,47.34,47.58,47.74,48.0,48.2,48.35,48.55,48.75,48.92,49.06,49.18,49.25,49.35,49.46,49.53,49.59,49.65,49.7,49.76,49.82,49.85,49.88,49.91,49.93,49.93,49.95,49.96,49.96,49.96,49.97,49.97,49.98,49.98,49.98,49.98,49.98,49.98,49.98,49.98,49.98,49.98,0.16,1.29,18.71,18.7,18.72,19.07,19.64,20.18,22.21,23.38,23.96,24.31,24.79,27.85,24.92,23.02,22.39,21.66,21.39,21.27,20.83,20.76,16.49,14.6,12.66,12.65,12.43,12.3,12.04,11.87,11.65,11.46,11.21,11.04,10.82,10.58,10.18,9.89,9.59,9.27,8.9,8.64,8.38,8.04,7.54,7.18,6.82,6.57,6.28,6.06,5.71,5.38,5.15,4.96,4.46,4.15,3.93,3.67,3.3,3.04,2.86,2.62,2.46,2.13,1.99,1.82,1.6,1.38,1.17,1.05,0.92,0.86,0.74,0.64,0.56,0.48,0.41,0.35,0.31,0.23,0.18,0.15,0.13,0.11,0.1,0.09,0.06,0.06,0.04,0.04,0.02,0.02,0.02,0.02,0.02,0.02,0.02,0.02,0.02,0.02,0.02
g,60.0,0.23,0.02,39.23,38.79,36.72,35.12,34.0,32.98,31.52,29.47,29.25,28.76,28.25,26.88,24.04,19.81,16.93,16.97,19.96,22.46,24.43,25.84,27.27,28.66,29.22,31.22,32.37,33.62,35.16,36.17,37.22,38.23,39.09,39.97,40.81,41.75,42.67,43.44,44.2,45.07,45.86,46.63,47.4,48.16,48.93,49.63,50.26,50.85,51.38,51.97,52.59,53.14,53.7,54.28,54.66,55.09,55.58,55.96,56.32,56.56,56.88,57.14,57.37,57.62,57.8,58.01,58.25,58.39,58.56,58.69,58.86,58.97,59.11,59.22,59.32,59.37,59.45,59.54,59.62,59.68,59.75,59.78,59.81,59.86,59.88,59.9,59.91,59.93,59.95,59.96,59.96,59.97,59.97,59.97,59.97,59.97,59.97,59.97,59.97,59.97,59.97,59.97,59.97,0.17,0.8,1.77,2.68,3.45,3.84,5.75,9.28,8.89,9.21,9.57,10.23,11.61,11.08,11.51,12.5,13.19,12.3,12.7,12.71,12.62,12.17,12.15,12.21,12.6,12.49,12.5,12.46,12.32,12.24,11.92,11.76,11.53,11.24,11.06,10.79,10.35,10.03,9.72,9.44,9.05,8.66,8.34,7.96,7.48,7.18,6.94,6.54,6.12,5.78,5.46,5.13,4.88,4.58,4.19,3.99,3.72,3.51,3.25,3.01,2.85,2.63,2.46,2.26,2.09,1.96,1.77,1.65,1.43,1.33,1.19,1.07,1.02,0.98,0.86,0.71,0.58,0.49,0.35,0.31,0.28,0.24,0.2,0.17,0.14,0.11,0.06,0.04,0.04,0.03,0.03,0.03,0.02,0.02,0.02,0.02,0.02,0.02,0.02,0.02,0.02,-39.23,-38.79,-36.72,-35.12,-34.0,-32.98,-31.52,-29.14,-27.4,-26.21,-25.12,-23.37,-20.0,-11.04,-1.26,7.16,12.83,16.2,18.74,20.3,22.0,23.43,26.83,28.86,32.37,33.62,35.16,36.17,37.22,38.23,39.09,39.97,40.81,41.75,42.67,43.44,44.2,45.07,45.86,46.63,47.4,48.16,48.93,49.63,50.26,50.85,51.38,51.97,52.59,53.14,53.7,54.28,54.66,55.09,55.58,55.96,56.32,56.56,56.88,57.14,57.37,57.62,57.8,58.01,58.25,58.39,58.56,58.69,58.86,58.97,59.11,59.22,59.32,59.37,59.45,59.54,59.62,59.68,59.75,59.78,59.81,59.86,59.88,59.9,59.91,59.93,59.95,59.96,59.96,59.97,59.97,59.97,59.97,59.97,59.97,59.97,59.97,59.97,59.97,59.97,59.97,0.17,0.8,1.77,2.68,3.45,3.84,5.75,10.27,13.57,14.99,16.09,16.76,17.69,19.83,20.43,19.82,20.19,19.83,20.17,20.43,20.47,20.5,16.79,17.04,12.6,12.49,12.5,12.46,12.32,12.24,11.92,11.76,11.53,11.24,11.06,10.79,10.35,10.03,9.72,9.44,9.05,8.66,8.34,7.96,7.48,7.18,6.94,6.54,6.12,5.78,5.46,5.13,4.88,4.58,4.19,3.99,3.72,3.51,3.25,3.01,2.85,2.63,2.46,2.26,2.09,1.96,1.77,1.65,1.43,1.33,1.19,1.07,1.02,0.98,0.86,0.71,0.58,0.49,0.35,0.31,0.28,0.24,0.2,0.17,0.14,0.11,0.06,0.04,0.04,0.03,0.03,0.03,0.02,0.02,0.02,0.02,0.02,0.02,0.02,0.02,0.02
g,70.0,0.23,0.02,29.18,28.82,27.01,25.93,25.18,24.76,24.32,23.52,22.01,21.93,21.85,20.91,19.04,18.16,18.87,19.58,22.92,25.66,28.1,30.0,31.7,33.26,34.94,36.24,37.69,39.12,40.48,41.72,42.48,43.42,44.34,45.38,46.27,48.21,49.72,50.88,51.87,52.77,53.5,54.39,55.28,55.96,56.64,57.36,58.34,58.98,59.86,60.5,61.14,61.79,62.32,62.83,63.29,63.79,64.35,64.85,65.24,65.57,65.94,66.34,66.65,66.97,67.31,67.64,67.88,68.09,68.26,68.47,68.67,68.81,68.96,69.08,69.18,69.33,69.43,69.51,69.58,69.63,69.68,69.73,69.76,69.79,69.82,69.85,69.88,69.89,69.92,69.95,69.95,69.96,69.96,69.96,69.96,69.96,69.96,69.96,69.96,69.96,69.96,69.96,69.96,0.13,0.81,1.77,2.22,2.77,3.11,3.43,3.7,5.52,5.47,6.79,9.01,10.39,15.39,19.22,20.09,19.01,18.44,17.69,17.31,16.49,16.03,15.45,15.23,15.04,15.09,14.95,14.82,14.65,14.61,14.4,14.05,13.76,12.64,12.42,12.44,12.06,11.81,11.39,10.88,10.48,10.12,9.74,9.31,8.8,8.39,7.75,7.44,6.95,6.48,6.12,5.81,5.57,5.18,4.71,4.37,4.04,3.89,3.59,3.25,3.03,2.67,2.45,2.18,1.97,1.79,1.68,1.47,1.29,1.16,1.04,0.93,0.81,0.67,0.56,0.48,0.41,0.37,0.31,0.27,0.23,0.21,0.18,0.15,0.14,0.12,0.08,0.04,0.03,0.03,0.02,0.02,0.02,0.02,0.02,0.02,0.02,0.02,0.02,0.02,0.02,-29.18,-28.82,-27.01,-25.93,-25.18,-24.76,-24.32,-23.52,-21.45,-19.01,-17.62,-15.73,-12.52,-0.22,7.96,16.06,20.44,23.78,26.23,28.14,29.85,31.41,33.09,34.4,35.85,37.28,38.65,39.89,40.65,41.6,42.51,43.57,46.27,48.21,49.72,50.88,51.87,52.77,53.5,54.39,55.28,55.96,56.64,57.36,58.34,58.98,59.86,60.5,61.14,61.79,62.32,62.83,63.29,63.79,64.35,64.85,65.24,65.57,65.94,66.34,66.65,66.97,67.31,67.64,67.88,68.09,68.26,68.47,68.67,68.81,68.96,69.08,69.18,69.33,69.43,69.51,69.58,69.63,69.68,69.73,69.76,69.79,69.82,69.85,69.88,69.89,69.92,69.95,69.95,69.96,69.96,69.96,69.96,69.96,69.96,69.96,69.96,69.96,69.96,69.96,69.96,0.13,0.81,1.77,2.22,2.77,3.11,3.43,3.7,7.4,12.23,14.59,16.46,17.71,23.8,25.74,23.0,21.66,20.81,20.35,20.19,19.64,19.41,19.08,19.03,19.01,19.17,19.19,19.21,19.15,19.2,19.12,18.94,13.76,12.64,12.42,12.44,12.06,11.81,11.39,10.88,10.48,10.12,9.74,9.31,8.8,8.39,7.75,7.44,6.95,6.48,6.12,5.81,5.57,5.18,4.71,4.37,4.04,3.89,3.59,3.25,3.03,2.67,2.45,2.18,1.97,1.79,1.68,1.47,1.29,1.16,1.04,0.93,0.81,0.67,0.56,0.48,0.41,0.37,0.31,0.27,0.23,0.21,0.18,0.15,0.14,0.12,0.08,0.04,0.03,0.03,0.02,0.02,0.02,0.02,0.02,0.02,0.02,0.02,0.02,0.02,0.02
g,80.0,0.23,0.02,19.08,18.74,17.47,16.22,15.5,15.0,14.46,13.89,13.53,13.14,13.0,12.61,11.4,11.08,11.67,16.41,18.79,24.42,26.62,28.25,30.21,31.71,35.63,37.18,39.38,42.55,44.22,45.66,46.87,48.01,48.99,50.29,51.42,52.76,53.81,54.83,55.83,56.82,57.75,59.02,60.01,61.05,62.34,63.43,64.48,65.27,66.13,66.96,67.84,68.66,69.55,70.26,70.86,71.5,72.21,72.89,73.41,73.98,74.43,74.89,75.27,75.71,76.09,76.39,76.75,77.09,77.35,77.62,77.88,78.12,78.4,78.67,78.81,79.0,79.15,79.23,79.4,79.5,79.6,79.67,79.71,79.77,79.83,79.86,79.9,79.92,79.94,79.96,79.97,79.97,79.97,79.98,79.98,79.98,79.98,79.98,79.98,79.98,79.98,79.98,79.98,0.17,0.71,1.23,1.67,2.09,2.24,2.54,2.94,3.55,4.62,5.15,5.77,5.98,6.42,8.14,11.49,12.84,16.64,16.38,16.29,15.93,15.72,17.59,17.33,16.26,16.59,16.8,16.87,16.65,16.69,16.54,16.26,15.94,15.58,15.25,14.9,14.47,14.12,13.8,13.21,12.8,12.3,11.76,11.2,10.54,10.14,9.54,9.01,8.58,8.12,7.55,7.2,6.81,6.38,5.87,5.36,5.03,4.64,4.36,4.1,3.85,3.56,3.28,3.08,2.79,2.53,2.32,2.06,1.85,1.67,1.44,1.23,1.1,0.95,0.8,0.72,0.57,0.49,0.41,0.35,0.31,0.26,0.18,0.15,0.11,0.1,0.08,0.05,0.05,0.04,0.03,0.02,0.02,0.02,0.02,0.02,0.02,0.02,0.02,0.02,0.02,-19.08,-18.74,-17.47,-16.22,-15.5,-15.0,-14.46,-13.89,-12.4,-11.33,-10.68,-9.17,-7.16,-2.44,4.22,10.27,14.57,21.75,24.07,25.8,27.76,29.28,33.46,36.39,39.38,42.55,44.22,45.66,46.87,48.01,48.99,50.29,51.42,52.76,53.81,54.83,55.83,56.82,57.75,59.02,60.01,61.05,62.34,63.43,64.48,65.27,66.13,66.96,67.84,68.66,69.55,70.26,70.86,71.5,72.21,72.89,73.41,73.98,74.43,74.89,75.27,75.71,76.09,76.39,76.75,77.09,77.35,77.62,77.88,78.12,78.4,78.67,78.81,79.0,79.15,79.23,79.4,79.5,79.6,79.67,79.71,79.77,79.83,79.86,79.9,79.92,79.94,79.96,79.97,79.97,79.97,79.98,79.98,79.98,79.98,79.98,79.98,79.98,79.98,79.98,79.98,0.17,0.71,1.23,1.67,2.09,2.24,2.54,2.94,6.48,8.11,9.04,10.4,10.7,12.57,13.59,17.2,17.48,20.0,19.95,19.96,19.89,19.88,21.43,18.93,16.26,16.59,16.8,16.87,16.65,16.69,16.54,16.26,15.94,15.58,15.25,14.9,14.47,14.12,13.8,13.21,12.8,12.3,11.76,11.2,10.54,10.14,9.54,9.01,8.58,8.12,7.55,7.2,6.81,6.38,5.87,5.36,5.03,4.64,4.36,4.1,3.85,3.56,3.28,3.08,2.79,2.53,2.32,2.06,1.85,1.67,1.44,1.23,1.1,0.95,0.8,0.72,0.57,0.49,0.41,0.35,0.31,0.26,0.18,0.15,0.11,0.1,0.08,0.05,0.05,0.04,0.03,0.02,0.02,0.02,0.02,0.02,0.02,0.02,0.02,0.02,0.02
g,90.0,0.23,0.02,9.01,8.66,7.82,6.93,6.65,6.42,6.2,5.93,5.53,5.31,5.27,5.53,6.39,10.97,18.1,26.52,31.18,35.14,37.58,39.46,41.79,43.53,44.8,46.39,47.74,48.62,49.82,51.08,52.3,53.49,54.5,55.52,56.62,57.94,59.46,60.55,61.9,63.32,64.64,65.97,67.21,68.47,69.62,70.9,72.04,73.17,74.12,75.22,76.23,77.23,78.19,79.08,79.9,80.72,81.4,82.04,82.8,83.46,83.94,84.52,85.0,85.45,85.9,86.21,86.67,87.06,87.4,87.67,87.93,88.14,88.39,88.64,88.85,89.01,89.13,89.26,89.38,89.49,89.58,89.67,89.73,89.78,89.83,89.85,89.88,89.9,89.93,89.94,89.96,89.96,89.96,89.96,89.96,89.96,89.97,89.97,89.97,89.97,89.97,89.97,89.97,0.14,0.64,1.04,1.49,1.71,1.83,2.05,2.29,2.4,2.53,2.56,2.54,3.81,17.33,19.27,19.86,20.63,21.29,21.57,21.58,21.49,21.65,21.79,21.73,21.69,21.7,21.57,21.44,21.24,21.22,20.89,20.7,20.45,19.79,18.33,17.78,17.17,16.36,15.58,14.97,14.49,13.91,13.33,12.65,11.99,11.32,10.95,10.23,9.61,8.9,8.15,7.72,7.22,6.75,6.36,5.95,5.37,4.91,4.56,4.17,3.86,3.58,3.27,3.06,2.69,2.37,2.09,1.89,1.69,1.55,1.31,1.13,1.04,0.94,0.86,0.77,0.67,0.55,0.48,0.39,0.32,0.26,0.21,0.19,0.17,0.14,0.1,0.07,0.04,0.03,0.03,0.02,0.02,0.02,0.02,0.02,0.02,0.02,0.02,0.02,0.02,-9.01,-8.66,-7.82,-6.93,-6.65,-6.42,-6.2,-5.93,-5.46,-4.93,-4.23,-2.85,-0.51,7.79,17.0,25.78,30.69,34.65,37.11,38.99,41.34,43.1,44.36,45.96,47.31,48.19,49.38,50.65,51.87,53.06,54.08,55.1,56.2,57.94,59.46,60.55,61.9,63.32,64.64,65.97,67.21,68.47,69.62,70.9,72.04,73.17,74.12,75.22,76.23,77.23,78.19,79.08,79.9,80.72,81.4,82.04,82.8,83.46,83.94,84.52,85.0,85.45,85.9,86.21,86.67,87.06,87.4,87.67,87.93,88.14,88.39,88.64,88.85,89.01,89.13,89.26,89.38,89.49,89.58,89.67,89.73,89.78,89.83,89.85,89.88,89.9,89.93,89.94,89.96,89.96,89.96,89.96,89.96,89.96,89.97,89.97,89.97,89.97,89.97,89.97,89.97,0.14,0.64,1.04,1.49,1.71,1.83,2.05,2.29,2.56,3.2,4.05,5.38,7.43,18.97,20.25,20.81,21.35,22.07,22.38,22.42,22.35,22.51,22.67,22.64,22.62,22.65,22.54,22.43,22.26,22.27,21.97,21.8,21.58,19.79,18.33,17.78,17.17,16.36,15.58,14.97,14.49,13.91,13.33,12.65,11.99,11.32,10.95,10.23,9.61,8.9,8.15,7.72,7.22,6.75,6.36,5.95,5.37,4.91,4.56,4.17,3.86,3.58,3.27,3.06,2.69,2.37,2.09,1.89,1.69,1.55,1.31,1.13,1.04,0.94,0.86,0.77,0.67,0.55,0.48,0.39,0.32,0.26,0.21,0.19,0.17,0.14,0.1,0.07,0.04,0.03,0.03,0.02,0.02,0.02,0.02,0.02,0.02,0.02,0.02,0.02,0.02
g,100.0,0.23,0.02,1.1,1.25,2.02,2.7,3.68,4.06,4.29,4.67,5.03,5.41,6.64,7.36,8.73,11.7,17.71,24.36,28.12,31.01,34.09,36.43,38.74,40.92,42.68,44.29,45.98,47.42,48.85,50.09,51.52,52.9,54.19,55.54,64.49,66.08,67.15,68.32,69.75,71.01,72.29,73.8,75.31,76.89,78.34,79.56,80.88,82.02,83.11,84.29,85.17,86.04,86.8,87.69,88.57,89.41,90.18,90.99,91.56,92.26,92.81,93.36,93.92,94.51,95.01,95.44,95.82,96.21,96.51,96.9,97.31,97.61,97.9,98.16,98.44,98.65,98.84,98.97,99.12,99.25,99.38,99.49,99.57,99.65,99.72,99.79,99.83,99.88,99.91,99.94,99.96,99.98,99.99,99.99,99.99,100.0,100.0,100.0,100.0,100.0,100.0,100.0,100.0,0.12,0.37,0.7,1.28,4.23,5.16,5.54,6.04,6.55,6.99,8.21,9.11,9.41,9.78,11.99,16.59,17.89,18.63,19.34,20.2,20.83,21.05,21.05,21.37,21.57,21.76,21.93,22.09,22.09,22.39,22.36,21.83,19.31,18.94,18.71,18.31,17.85,17.3,16.83,16.2,15.42,14.54,13.69,13.17,12.6,11.9,11.3,10.68,10.16,9.71,9.22,8.69,8.18,7.63,7.14,6.68,6.31,5.85,5.54,5.13,4.76,4.36,3.95,3.69,3.43,3.16,2.94,2.68,2.38,2.18,1.96,1.8,1.55,1.37,1.23,1.14,1.01,0.87,0.74,0.66,0.58,0.49,0.41,0.31,0.26,0.22,0.16,0.12,0.08,0.04,0.03,0.02,0.02,0.01,,,,,,,,1.1,1.25,2.02,2.7,3.68,4.06,4.29,4.67,5.03,5.41,6.64,7.36,8.73,11.7,17.71,24.36,28.12,31.01,34.09,36.43,38.74,40.92,42.68,44.29,45.98,47.42,48.85,50.09,51.52,52.9,54.19,55.54,64.49,66.08,67.15,68.32,69.75,71.01,72.29,73.8,75.31,76.89,78.34,79.56,80.88,82.02,83.11,84.29,85.17,86.04,86.8,87.69,88.57,89.41,90.18,90.99,91.56,92.26,92.81,93.36,93.92,94.51,95.01,95.44,95.82,96.21,96.51,96.9,97.31,97.61,97.9,98.16,98.44,98.65,98.84,98.97,99.12,99.25,99.38,99.49,99.57,99.65,99.72,99.79,99.83,99.88,99.91,99.94,99.96,99.98,99.99,99.99,99.99,100.0,100.0,100.0,100.0,100.0,100.0,100.0,100.0,0.12,0.37,0.7,1.28,4.23,5.16,5.54,6.04,6.55,6.99,8.21,9.11,9.41,9.78,11.99,16.59,17.89,18.63,19.34,20.2,20.83,21.05,21.05,21.37,21.57,21.76,21.93,22.09,22.09,22.39,22.36,21.83,19.31,18.94,18.71,18.31,17.85,17.3,16.83,16.2,15.42,14.54,13.69,13.17,12.6,11.9,11.3,10.68,10.16,9.71,9.22,8.69,8.18,7.63,7.14,6.68,6.31,5.85,5.54,5.13,4.76,4.36,3.95,3.69,3.43,3.16,2.94,2.68,2.38,2.18,1.96,1.8,1.55,1.37,1.23,1.14,1.01,0.87,0.74,0.66,0.58,0.49,0.41,0.31,0.26,0.22,0.16,0.12,0.08,0.04,0.03,0.02,0.02,0.01,,,,,,,
