alpha,time,time_std,abs_error_th000,abs_error_th001,abs_error_th002,abs_error_th003,abs_error_th004,abs_error_th005,abs_error_th006,abs_error_th007,abs_error_th008,abs_error_th009,abs_error_th010,abs_error_th011,abs_error_th012,abs_error_th013,abs_error_th014,abs_error_th015,abs_error_th016,abs_error_th017,abs_error_th018,abs_error_th019,abs_error_th020,abs_error_th021,abs_error_th022,abs_error_th023,abs_error_th024,abs_error_th025,abs_error_th026,abs_error_th027,abs_error_th028,abs_error_th029,abs_error_th030,abs_error_th031,abs_error_th032,abs_error_th033,abs_error_th034,abs_error_th035,abs_error_th036,abs_error_th037,abs_error_th038,abs_error_th039,abs_error_th040,abs_error_th041,abs_error_th042,abs_error_th043,abs_error_th044,abs_error_th045,abs_error_th046,abs_error_th047,abs_error_th048,abs_error_th049,abs_error_th050,abs_error_th051,abs_error_th052,abs_error_th053,abs_error_th054,abs_error_th055,abs_error_th056,abs_error_th057,abs_error_th058,abs_error_th059,abs_error_th060,abs_error_th061,abs_error_th062,abs_error_th063,abs_error_th064,abs_error_th065,abs_error_th066,abs_error_th067,abs_error_th068,abs_error_th069,abs_error_th070,abs_error_th071,abs_error_th072,abs_error_th073,abs_error_th074,abs_error_th075,abs_error_th076,abs_error_th077,abs_error_th078,abs_error_th079,abs_error_th080,abs_error_th081,abs_error_th082,abs_error_th083,abs_error_th084,abs_error_th085,abs_error_th086,abs_error_th087,abs_error_th088,abs_error_th089,abs_error_th090,abs_error_th091,abs_error_th092,abs_error_th093,abs_error_th094,abs_error_th095,abs_error_th096,abs_error_th097,abs_error_th098,abs_error_th099,abs_error_th100,abs_error_th000_std,abs_error_th001_std,abs_error_th002_std,abs_error_th003_std,abs_error_th004_std,abs_error_th005_std,abs_error_th006_std,abs_error_th007_std,abs_error_th008_std,abs_error_th009_std,abs_error_th010_std,abs_error_th011_std,abs_error_th012_std,abs_error_th013_std,abs_error_th014_std,abs_error_th015_std,abs_error_th016_std,abs_error_th017_std,abs_error_th018_std,abs_error_th019_std,abs_error_th020_std,abs_error_th021_std,abs_error_th022_std,abs_error_th023_std,abs_error_th024_std,abs_error_th025_std,abs_error_th026_std,abs_error_th027_std,abs_error_th028_std,abs_error_th029_std,abs_error_th030_std,abs_error_th031_std,abs_error_th032_std,abs_error_th033_std,abs_error_th034_std,abs_error_th035_std,abs_error_th036_std,abs_error_th037_std,abs_error_th038_std,abs_error_th039_std,abs_error_th040_std,abs_error_th041_std,abs_error_th042_std,abs_error_th043_std,abs_error_th044_std,abs_error_th045_std,abs_error_th046_std,abs_error_th047_std,abs_error_th048_std,abs_error_th049_std,abs_error_th050_std,abs_error_th051_std,abs_error_th052_std,abs_error_th053_std,abs_error_th054_std,abs_error_th055_std,abs_error_th056_std,abs_error_th057_std,abs_error_th058_std,abs_error_th059_std,abs_error_th060_std,abs_error_th061_std,abs_error_th062_std,abs_error_th063_std,abs_error_th064_std,abs_error_th065_std,abs_error_th066_std,abs_error_th067_std,abs_error_th068_std,abs_error_th069_std,abs_error_th070_std,abs_error_th071_std,abs_error_th072_std,abs_error_th073_std,abs_error_th074_std,abs_error_th075_std,abs_error_th076_std,abs_error_th077_std,abs_error_th078_std,abs_error_th079_std,abs_error_th080_std,abs_error_th081_std,abs_error_th082_std,abs_error_th083_std,abs_error_th084_std,abs_error_th085_std,abs_error_th086_std,abs_error_th087_std,abs_error_th088_std,abs_error_th089_std,abs_error_th090_std,abs_error_th091_std,abs_error_th092_std,abs_error_th093_std,abs_error_th094_std,abs_error_th095_std,abs_error_th096_std,abs_error_th097_std,abs_error_th098_std,abs_error_th099_std,abs_error_th100_std,error_th000,error_th001,error_th002,error_th003,error_th004,error_th005,error_th006,error_th007,error_th008,error_th009,error_th010,error_th011,error_th012,error_th013,error_th014,error_th015,error_th016,error_th017,error_th018,error_th019,error_th020,error_th021,error_th022,error_th023,error_th024,error_th025,error_th026,error_th027,error_th028,error_th029,error_th030,error_th031,error_th032,error_th033,error_th034,error_th035,error_th036,error_th037,error_th038,error_th039,error_th040,error_th041,error_th042,error_th043,error_th044,error_th045,error_th046,error_th047,error_th048,error_th049,error_th050,error_th051,error_th052,error_th053,error_th054,error_th055,error_th056,error_th057,error_th058,error_th059,error_th060,error_th061,error_th062,error_th063,error_th064,error_th065,error_th066,error_th067,error_th068,error_th069,error_th070,error_th071,error_th072,error_th073,error_th074,error_th075,error_th076,error_th077,error_th078,error_th079,error_th080,error_th081,error_th082,error_th083,error_th084,error_th085,error_th086,error_th087,error_th088,error_th089,error_th090,error_th091,error_th092,error_th093,error_th094,error_th095,error_th096,error_th097,error_th098,error_th099,error_th100,error_th000_std,error_th001_std,error_th002_std,error_th003_std,error_th004_std,error_th005_std,error_th006_std,error_th007_std,error_th008_std,error_th009_std,error_th010_std,error_th011_std,error_th012_std,error_th013_std,error_th014_std,error_th015_std,error_th016_std,error_th017_std,error_th018_std,error_th019_std,error_th020_std,error_th021_std,error_th022_std,error_th023_std,error_th024_std,error_th025_std,error_th026_std,error_th027_std,error_th028_std,error_th029_std,error_th030_std,error_th031_std,error_th032_std,error_th033_std,error_th034_std,error_th035_std,error_th036_std,error_th037_std,error_th038_std,error_th039_std,error_th040_std,error_th041_std,error_th042_std,error_th043_std,error_th044_std,error_th045_std,error_th046_std,error_th047_std,error_th048_std,error_th049_std,error_th050_std,error_th051_std,error_th052_std,error_th053_std,error_th054_std,error_th055_std,error_th056_std,error_th057_std,error_th058_std,error_th059_std,error_th060_std,error_th061_std,error_th062_std,error_th063_std,error_th064_std,error_th065_std,error_th066_std,error_th067_std,error_th068_std,error_th069_std,error_th070_std,error_th071_std,error_th072_std,error_th073_std,error_th074_std,error_th075_std,error_th076_std,error_th077_std,error_th078_std,error_th079_std,error_th080_std,error_th081_std,error_th082_std,error_th083_std,error_th084_std,error_th085_std,error_th086_std,error_th087_std,error_th088_std,error_th089_std,error_th090_std,error_th091_std,error_th092_std,error_th093_std,error_th094_std,error_th095_std,error_th096_std,error_th097_std,error_th098_std,error_th099_std,error_th100_std
0.0,0.08,0.0,86.43,86.43,86.43,86.43,86.37,83.13,66.44,42.8,25.21,25.19,25.07,24.93,21.28,20.39,20.16,16.79,16.5,16.35,16.18,15.97,15.74,15.7,12.2,11.88,11.71,11.49,11.25,11.06,10.99,10.94,10.89,10.75,10.55,10.41,10.35,10.28,10.24,10.2,10.13,10.03,9.9,9.75,9.69,9.64,9.6,9.56,9.44,9.34,9.26,9.21,9.17,9.11,9.04,8.96,8.88,8.81,8.76,8.68,8.61,8.56,8.48,8.4,8.27,8.13,7.99,7.88,7.81,7.69,7.64,7.51,7.28,7.12,6.85,6.63,6.39,6.13,5.91,5.7,5.44,5.14,4.86,4.59,4.27,3.97,3.71,3.47,3.22,3.01,2.8,2.53,2.32,2.13,1.93,1.67,1.49,1.27,0.97,0.72,0.52,0.35,0.13,31.11,31.11,31.11,31.12,31.26,33.78,41.17,39.36,27.82,27.83,27.86,27.9,23.45,23.61,23.67,17.18,17.22,17.23,17.26,17.29,17.33,17.35,2.23,2.3,2.27,2.22,2.23,2.24,2.24,2.21,2.24,2.19,2.16,2.12,2.11,2.08,2.04,2.01,2.01,1.99,2.01,1.96,1.92,1.89,1.88,1.86,1.85,1.84,1.83,1.84,1.85,1.8,1.82,1.82,1.83,1.84,1.83,1.83,1.8,1.77,1.74,1.71,1.65,1.63,1.59,1.62,1.62,1.62,1.63,1.63,1.59,1.54,1.54,1.49,1.49,1.44,1.41,1.36,1.28,1.24,1.21,1.07,1.09,1.05,1.01,1.02,0.92,0.93,0.91,0.88,0.84,0.81,0.75,0.65,0.59,0.53,0.54,0.48,0.39,0.34,0.15,-86.43,-86.43,-86.43,-86.43,-86.37,-83.13,-66.44,-42.8,-25.21,-25.19,-25.07,-24.93,-21.28,-20.39,-20.16,-16.79,-16.5,-16.35,-16.18,-15.97,-15.74,-15.7,-12.2,-11.88,-11.71,-11.49,-11.25,-11.06,-10.99,-10.94,-10.89,-10.75,-10.55,-10.41,-10.35,-10.28,-10.24,-10.2,-10.13,-10.03,-9.9,-9.75,-9.69,-9.64,-9.6,-9.56,-9.44,-9.34,-9.26,-9.21,-9.17,-9.11,-9.04,-8.96,-8.88,-8.81,-8.76,-8.68,-8.61,-8.56,-8.48,-8.4,-8.27,-8.13,-7.99,-7.88,-7.81,-7.69,-7.64,-7.51,-7.28,-7.12,-6.85,-6.63,-6.39,-6.13,-5.91,-5.7,-5.44,-5.14,-4.86,-4.59,-4.27,-3.97,-3.71,-3.47,-3.22,-3.01,-2.8,-2.53,-2.32,-2.13,-1.93,-1.67,-1.49,-1.27,-0.97,-0.72,-0.52,-0.35,-0.13,31.11,31.11,31.11,31.12,31.26,33.78,41.17,39.36,27.82,27.83,27.86,27.9,23.45,23.61,23.67,17.18,17.22,17.23,17.26,17.29,17.33,17.35,2.23,2.3,2.27,2.22,2.23,2.24,2.24,2.21,2.24,2.19,2.16,2.12,2.11,2.08,2.04,2.01,2.01,1.99,2.01,1.96,1.92,1.89,1.88,1.86,1.85,1.84,1.83,1.84,1.85,1.8,1.82,1.82,1.83,1.84,1.83,1.83,1.8,1.77,1.74,1.71,1.65,1.63,1.59,1.62,1.62,1.62,1.63,1.63,1.59,1.54,1.54,1.49,1.49,1.44,1.41,1.36,1.28,1.24,1.21,1.07,1.09,1.05,1.01,1.02,0.92,0.93,0.91,0.88,0.84,0.81,0.75,0.65,0.59,0.53,0.54,0.48,0.39,0.34,0.15
10.0,0.08,0.01,73.97,73.97,73.97,73.94,73.88,73.86,67.48,44.75,41.41,34.6,34.44,30.82,21.26,17.33,13.31,6.27,5.95,5.75,5.42,5.15,4.87,4.55,4.38,4.28,4.19,4.13,3.99,3.82,3.65,3.58,3.47,3.29,3.17,3.05,2.91,2.79,2.75,2.69,2.65,2.57,2.45,2.3,2.23,2.17,2.14,2.08,2.02,1.96,1.89,1.85,1.8,1.74,1.69,1.65,1.61,1.61,1.6,1.56,1.51,1.48,1.42,1.38,1.44,1.52,1.58,1.56,1.57,1.54,1.59,1.61,1.63,1.69,1.88,2.06,2.27,2.53,2.72,2.92,3.15,3.42,3.66,3.97,4.22,4.63,4.87,5.36,5.71,5.97,6.26,6.53,6.79,7.0,7.28,7.58,7.85,8.19,8.47,8.75,9.03,9.45,9.78,32.14,32.14,32.14,32.21,32.32,32.36,36.21,40.19,39.76,38.1,38.2,36.99,30.18,26.97,22.76,2.47,2.47,2.39,2.47,2.47,2.62,2.63,2.7,2.48,2.38,2.38,2.43,2.48,2.54,2.52,2.45,2.29,2.16,2.08,2.04,1.93,1.93,1.9,1.86,1.83,1.76,1.76,1.71,1.68,1.66,1.62,1.62,1.62,1.62,1.62,1.63,1.66,1.65,1.64,1.6,1.58,1.59,1.55,1.51,1.47,1.42,1.41,1.37,1.32,1.35,1.29,1.3,1.21,1.15,1.06,1.08,1.1,1.15,1.21,1.29,1.36,1.44,1.51,1.53,1.55,1.48,1.3,1.25,1.13,1.13,1.12,1.08,1.08,0.97,0.97,0.92,0.89,0.82,0.77,0.66,0.7,0.69,0.65,0.6,0.31,0.2,-73.97,-73.97,-73.97,-73.94,-73.88,-73.86,-67.48,-44.75,-41.41,-34.6,-34.44,-30.82,-21.26,-17.33,-13.31,-6.27,-5.95,-5.75,-5.42,-5.15,-4.87,-4.55,-4.38,-4.28,-4.19,-4.13,-3.99,-3.82,-3.63,-3.56,-3.45,-3.26,-3.14,-3.01,-2.87,-2.74,-2.7,-2.64,-2.55,-2.45,-2.32,-2.15,-2.04,-1.96,-1.89,-1.79,-1.72,-1.66,-1.57,-1.53,-1.48,-1.4,-1.34,-1.25,-1.12,-1.04,-0.97,-0.87,-0.77,-0.66,-0.57,-0.48,-0.39,-0.23,-0.09,0.03,0.13,0.25,0.41,0.6,0.73,0.91,1.28,1.57,1.85,2.2,2.53,2.79,3.07,3.39,3.66,3.97,4.22,4.63,4.87,5.36,5.71,5.97,6.26,6.53,6.79,7.0,7.28,7.58,7.85,8.19,8.47,8.75,9.03,9.45,9.78,32.14,32.14,32.14,32.21,32.32,32.36,36.21,40.19,39.76,38.1,38.2,36.99,30.18,26.97,22.76,2.47,2.47,2.39,2.47,2.47,2.62,2.63,2.7,2.48,2.38,2.38,2.43,2.48,2.56,2.55,2.47,2.33,2.2,2.14,2.1,1.98,2.0,1.98,1.99,1.98,1.93,1.95,1.94,1.92,1.94,1.93,1.94,1.93,1.93,1.93,1.93,1.95,1.95,1.97,1.98,2.01,2.04,2.02,2.0,1.98,1.92,1.91,1.96,2.0,2.07,2.02,2.03,1.94,1.92,1.83,1.82,1.8,1.8,1.8,1.84,1.84,1.76,1.74,1.69,1.62,1.48,1.3,1.25,1.13,1.13,1.12,1.08,1.08,0.97,0.97,0.92,0.89,0.82,0.77,0.66,0.7,0.69,0.65,0.6,0.31,0.2
20.0,0.08,0.0,65.0,65.0,65.0,65.0,62.43,61.76,52.32,42.71,36.24,30.11,30.04,23.82,20.77,17.64,11.72,11.72,11.74,11.73,8.62,3.5,3.28,3.28,3.25,3.15,3.12,3.28,3.43,3.71,3.96,4.09,4.17,4.34,4.44,4.61,4.78,4.98,5.12,5.25,5.3,5.36,5.43,5.53,5.59,5.73,5.81,5.9,5.9,5.97,6.07,6.15,6.22,6.29,6.35,6.44,6.51,6.62,6.77,6.86,6.96,7.02,7.12,7.22,7.32,7.4,7.51,7.62,7.74,7.85,7.98,8.16,8.38,8.64,9.01,9.32,9.72,10.06,10.36,10.74,11.08,11.53,11.92,12.34,12.69,13.09,13.44,13.8,14.17,14.54,14.91,15.33,15.59,15.99,16.37,16.78,17.21,17.64,18.12,18.48,18.83,19.33,19.74,30.09,30.09,30.09,30.09,31.43,32.55,36.99,38.87,38.84,37.47,37.52,35.09,33.36,31.23,25.28,25.28,25.27,25.27,21.11,4.79,2.25,2.02,1.79,1.77,1.86,1.87,1.81,1.84,1.77,1.74,1.69,1.65,1.67,1.74,1.82,1.82,1.8,1.7,1.68,1.63,1.7,1.78,1.81,1.86,1.88,1.85,1.85,1.87,1.89,1.9,1.88,1.87,1.85,1.82,1.82,1.83,1.83,1.78,1.71,1.68,1.68,1.69,1.73,1.75,1.78,1.78,1.79,1.75,1.73,1.67,1.67,1.64,1.64,1.68,1.65,1.65,1.63,1.63,1.49,1.42,1.39,1.35,1.27,1.31,1.3,1.26,1.27,1.22,1.25,1.23,1.17,1.12,1.05,0.98,0.91,0.79,0.74,0.56,0.55,0.38,0.24,-64.46,-64.46,-64.46,-64.46,-61.88,-61.2,-51.62,-41.71,-35.0,-28.61,-28.51,-22.19,-18.92,-15.24,-8.67,-8.49,-8.44,-8.27,-4.61,1.12,2.1,2.47,2.76,2.92,3.04,3.19,3.35,3.69,3.95,4.09,4.17,4.34,4.44,4.61,4.78,4.98,5.12,5.25,5.3,5.36,5.43,5.53,5.59,5.73,5.81,5.9,5.9,5.97,6.07,6.15,6.22,6.29,6.35,6.44,6.51,6.62,6.77,6.86,6.96,7.02,7.12,7.22,7.32,7.4,7.51,7.62,7.74,7.85,7.98,8.16,8.38,8.64,9.01,9.32,9.72,10.06,10.36,10.74,11.08,11.53,11.92,12.34,12.69,13.09,13.44,13.8,14.17,14.54,14.91,15.33,15.59,15.99,16.37,16.78,17.21,17.64,18.12,18.48,18.83,19.33,19.74,31.23,31.23,31.23,31.23,32.49,33.58,37.96,39.94,39.97,38.62,38.69,36.14,34.44,32.47,26.48,26.54,26.56,26.6,22.33,5.82,3.39,2.95,2.48,2.12,2.0,2.01,1.97,1.89,1.8,1.75,1.69,1.65,1.67,1.74,1.82,1.82,1.8,1.7,1.68,1.63,1.7,1.78,1.81,1.86,1.88,1.85,1.85,1.87,1.89,1.9,1.88,1.87,1.85,1.82,1.82,1.83,1.83,1.78,1.71,1.68,1.68,1.69,1.73,1.75,1.78,1.78,1.79,1.75,1.73,1.67,1.67,1.64,1.64,1.68,1.65,1.65,1.63,1.63,1.49,1.42,1.39,1.35,1.27,1.31,1.3,1.26,1.27,1.22,1.25,1.23,1.17,1.12,1.05,0.98,0.91,0.79,0.74,0.56,0.55,0.38,0.24
30.0,0.08,0.0,57.45,57.45,57.45,57.48,52.02,47.0,37.23,29.84,22.21,22.27,19.71,20.17,20.89,21.25,19.03,19.38,14.6,12.11,12.25,12.46,12.44,12.58,12.81,10.4,10.49,10.63,10.76,10.8,10.91,11.11,11.35,11.72,11.83,11.92,11.98,12.06,12.23,12.5,12.81,13.07,13.27,13.37,13.42,13.45,13.53,13.62,13.76,13.85,13.93,13.96,14.0,14.11,14.22,14.34,14.43,14.5,14.6,14.68,14.78,14.85,14.98,15.07,15.18,15.35,15.45,15.57,15.74,16.01,16.21,16.42,16.66,16.91,17.21,17.57,17.98,18.32,18.64,19.05,19.5,20.02,20.6,21.2,21.65,22.12,22.64,23.01,23.58,24.13,24.6,25.08,25.56,25.95,26.38,26.73,27.12,27.59,28.06,28.56,28.94,29.35,29.71,25.17,25.17,25.17,25.12,28.92,30.76,31.56,30.19,26.95,26.91,25.25,25.03,24.63,24.45,22.34,22.16,16.46,12.05,12.02,11.99,12.07,12.03,11.89,2.47,2.86,2.89,2.95,2.94,2.9,2.65,2.47,2.13,2.17,2.17,2.18,2.2,1.89,1.65,1.51,1.3,1.27,1.29,1.26,1.24,1.25,1.21,1.2,1.2,1.18,1.16,1.14,1.12,1.15,1.13,1.15,1.14,1.18,1.2,1.22,1.22,1.26,1.26,1.23,1.26,1.21,1.22,1.23,1.2,1.28,1.31,1.38,1.43,1.43,1.53,1.58,1.58,1.59,1.64,1.62,1.6,1.55,1.42,1.39,1.42,1.42,1.39,1.24,1.1,1.12,1.02,1.05,0.99,0.94,0.91,0.85,0.72,0.6,0.54,0.5,0.37,0.25,-54.6,-54.6,-54.6,-54.57,-48.97,-42.72,-30.59,-21.17,-11.99,-11.88,-8.68,-7.93,-7.13,-6.76,-3.38,-3.03,3.4,6.21,6.34,6.56,6.75,6.98,7.21,10.04,10.49,10.63,10.76,10.8,10.91,11.11,11.35,11.72,11.83,11.92,11.98,12.06,12.23,12.5,12.81,13.07,13.27,13.37,13.42,13.45,13.53,13.62,13.76,13.85,13.93,13.96,14.0,14.11,14.22,14.34,14.43,14.5,14.6,14.68,14.78,14.85,14.98,15.07,15.18,15.35,15.45,15.57,15.74,16.01,16.21,16.42,16.66,16.91,17.21,17.57,17.98,18.32,18.64,19.05,19.5,20.02,20.6,21.2,21.65,22.12,22.64,23.01,23.58,24.13,24.6,25.08,25.56,25.95,26.38,26.73,27.12,27.59,28.06,28.56,28.94,29.35,29.71,30.88,30.88,30.88,30.92,33.84,36.48,38.04,36.8,32.8,32.85,30.83,31.15,31.5,31.68,29.15,29.28,21.74,15.91,15.95,16.0,15.97,15.95,15.93,3.66,2.86,2.89,2.95,2.94,2.9,2.65,2.47,2.13,2.17,2.17,2.18,2.2,1.89,1.65,1.51,1.3,1.27,1.29,1.26,1.24,1.25,1.21,1.2,1.2,1.18,1.16,1.14,1.12,1.15,1.13,1.15,1.14,1.18,1.2,1.22,1.22,1.26,1.26,1.23,1.26,1.21,1.22,1.23,1.2,1.28,1.31,1.38,1.43,1.43,1.53,1.58,1.58,1.59,1.64,1.62,1.6,1.55,1.42,1.39,1.42,1.42,1.39,1.24,1.1,1.12,1.02,1.05,0.99,0.94,0.91,0.85,0.72,0.6,0.54,0.5,0.37,0.25
40.0,0.09,0.0,48.37,48.37,48.37,48.38,46.18,46.54,43.16,37.73,31.73,31.8,31.87,31.91,30.65,27.26,22.2,20.73,20.92,21.06,19.05,17.67,16.0,16.66,16.9,17.06,17.19,17.43,17.82,18.08,18.36,18.57,18.68,18.82,19.0,19.17,19.37,19.52,19.61,19.68,19.77,19.97,20.15,20.32,20.43,20.47,20.51,20.59,20.7,20.88,21.03,21.16,21.28,21.46,21.57,21.74,21.89,22.04,22.22,22.28,22.37,22.47,22.58,22.76,22.95,23.08,23.27,23.48,23.62,23.69,23.77,23.9,24.08,24.26,24.6,24.9,25.36,25.84,26.23,26.64,27.1,27.6,28.08,28.64,29.32,29.82,30.33,30.88,31.52,32.07,32.71,33.32,33.84,34.39,35.07,35.67,36.24,36.94,37.41,38.08,38.56,39.19,39.67,20.79,20.79,20.79,20.78,22.29,21.68,22.54,23.31,23.27,23.22,23.17,23.26,22.26,20.6,16.69,14.68,14.61,14.57,12.5,9.12,3.67,2.84,2.74,2.72,2.6,2.35,2.09,1.96,1.84,1.74,1.73,1.7,1.66,1.6,1.36,1.36,1.37,1.38,1.4,1.38,1.41,1.43,1.46,1.44,1.44,1.41,1.39,1.36,1.29,1.26,1.23,1.13,1.1,1.05,1.02,0.99,1.08,1.12,1.13,1.12,1.1,1.08,1.06,1.08,1.11,1.09,1.09,1.08,1.08,1.05,1.09,1.14,1.14,1.18,1.31,1.36,1.39,1.36,1.32,1.36,1.35,1.48,1.51,1.55,1.59,1.48,1.45,1.39,1.28,1.34,1.42,1.47,1.36,1.24,1.18,1.25,1.23,0.91,0.73,0.42,0.32,-42.88,-42.88,-42.88,-42.88,-40.52,-39.9,-33.69,-25.22,-16.82,-16.74,-16.64,-16.13,-12.57,-6.35,3.0,6.33,6.51,6.66,9.45,12.87,16.0,16.66,16.9,17.06,17.19,17.43,17.82,18.08,18.36,18.57,18.68,18.82,19.0,19.17,19.37,19.52,19.61,19.68,19.77,19.97,20.15,20.32,20.43,20.47,20.51,20.59,20.7,20.88,21.03,21.16,21.28,21.46,21.57,21.74,21.89,22.04,22.22,22.28,22.37,22.47,22.58,22.76,22.95,23.08,23.27,23.48,23.62,23.69,23.77,23.9,24.08,24.26,24.6,24.9,25.36,25.84,26.23,26.64,27.1,27.6,28.08,28.64,29.32,29.82,30.33,30.88,31.52,32.07,32.71,33.32,33.84,34.39,35.07,35.67,36.24,36.94,37.41,38.08,38.56,39.19,39.67,30.55,30.55,30.55,30.56,31.43,32.31,35.15,36.49,35.58,35.64,35.72,36.04,35.73,33.58,27.61,24.6,24.67,24.73,20.73,15.16,3.67,2.84,2.74,2.72,2.6,2.35,2.09,1.96,1.84,1.74,1.73,1.7,1.66,1.6,1.36,1.36,1.37,1.38,1.4,1.38,1.41,1.43,1.46,1.44,1.44,1.41,1.39,1.36,1.29,1.26,1.23,1.13,1.1,1.05,1.02,0.99,1.08,1.12,1.13,1.12,1.1,1.08,1.06,1.08,1.11,1.09,1.09,1.08,1.08,1.05,1.09,1.14,1.14,1.18,1.31,1.36,1.39,1.36,1.32,1.36,1.35,1.48,1.51,1.55,1.59,1.48,1.45,1.39,1.28,1.34,1.42,1.47,1.36,1.24,1.18,1.25,1.23,0.91,0.73,0.42,0.32
50.0,0.08,0.0,42.74,42.74,42.74,42.75,40.06,37.82,32.34,27.32,25.12,25.14,25.37,25.98,24.22,24.81,25.05,23.89,24.06,24.33,24.67,23.44,24.09,22.99,23.5,23.78,24.07,24.43,24.7,24.97,25.28,25.46,25.55,25.74,25.83,25.98,26.27,26.39,26.57,26.69,26.79,26.91,27.07,27.16,27.28,27.43,27.7,27.88,28.0,28.12,28.28,28.43,28.57,28.78,29.0,29.24,29.34,29.41,29.53,29.66,29.79,29.86,30.06,30.25,30.41,30.61,30.73,30.93,31.1,31.34,31.66,31.95,32.32,32.79,33.22,33.51,33.96,34.48,34.92,35.38,35.85,36.35,36.86,37.55,38.27,38.85,39.32,39.83,40.56,41.14,41.63,42.4,43.01,43.78,44.35,44.95,45.44,46.05,46.59,47.33,48.06,49.03,49.56,13.06,13.06,13.05,13.03,14.65,15.11,16.09,14.64,13.04,13.03,12.89,12.44,10.02,9.78,9.68,8.25,8.15,8.04,7.87,6.5,5.86,2.86,2.51,2.57,2.53,2.45,2.11,1.73,1.6,1.57,1.56,1.53,1.51,1.46,1.35,1.31,1.34,1.37,1.35,1.33,1.38,1.42,1.42,1.45,1.4,1.41,1.44,1.45,1.48,1.46,1.46,1.43,1.5,1.5,1.48,1.46,1.49,1.54,1.58,1.6,1.6,1.64,1.63,1.55,1.55,1.5,1.54,1.56,1.55,1.58,1.69,1.61,1.79,1.8,1.75,1.82,1.89,2.07,2.1,2.21,2.16,2.1,2.04,1.96,2.0,1.94,2.01,2.05,2.13,2.04,2.02,1.93,1.91,1.87,1.83,1.65,1.65,1.29,1.12,0.64,0.37,-33.29,-33.29,-33.29,-33.28,-27.97,-22.2,-11.67,-0.69,5.11,5.13,5.36,5.98,12.22,12.81,13.04,15.89,16.06,16.33,16.67,19.44,20.09,22.99,23.5,23.78,24.07,24.43,24.7,24.97,25.28,25.46,25.55,25.74,25.83,25.98,26.27,26.39,26.57,26.69,26.79,26.91,27.07,27.16,27.28,27.43,27.7,27.88,28.0,28.12,28.28,28.43,28.57,28.78,29.0,29.24,29.34,29.41,29.53,29.66,29.79,29.86,30.06,30.25,30.41,30.61,30.73,30.93,31.1,31.34,31.66,31.95,32.32,32.79,33.22,33.51,33.96,34.48,34.92,35.38,35.85,36.35,36.86,37.55,38.27,38.85,39.32,39.83,40.56,41.14,41.63,42.4,43.01,43.78,44.35,44.95,45.44,46.05,46.59,47.33,48.06,49.03,49.56,29.82,29.82,29.82,29.84,32.21,34.15,34.19,30.99,27.83,27.84,27.94,28.18,23.19,23.39,23.47,19.66,19.69,19.75,19.82,14.62,14.53,2.86,2.51,2.57,2.53,2.45,2.11,1.73,1.6,1.57,1.56,1.53,1.51,1.46,1.35,1.31,1.34,1.37,1.35,1.33,1.38,1.42,1.42,1.45,1.4,1.41,1.44,1.45,1.48,1.46,1.46,1.43,1.5,1.5,1.48,1.46,1.49,1.54,1.58,1.6,1.6,1.64,1.63,1.55,1.55,1.5,1.54,1.56,1.55,1.58,1.69,1.61,1.79,1.8,1.75,1.82,1.89,2.07,2.1,2.21,2.16,2.1,2.04,1.96,2.0,1.94,2.01,2.05,2.13,2.04,2.02,1.93,1.91,1.87,1.83,1.65,1.65,1.29,1.12,0.64,0.37
60.0,0.08,0.0,35.52,35.52,35.52,35.53,33.69,34.4,33.51,32.74,30.2,30.29,30.6,30.98,30.83,30.56,30.34,30.06,29.66,29.89,30.3,30.67,31.19,30.77,31.32,31.49,30.77,31.21,31.63,32.03,32.46,32.66,32.87,33.03,33.23,33.43,33.6,33.71,33.9,34.04,34.19,34.45,34.64,34.9,35.19,35.48,35.66,35.85,35.96,36.09,36.16,36.32,36.51,36.69,36.76,36.85,36.98,37.18,37.39,37.59,37.79,37.94,38.08,38.19,38.3,38.45,38.61,38.89,39.22,39.49,39.76,39.99,40.18,40.47,40.85,41.25,41.64,42.17,42.77,43.59,44.3,44.99,45.55,46.2,46.84,47.46,48.17,48.88,49.64,50.33,51.12,52.03,52.7,53.34,54.02,54.79,55.52,56.26,57.05,57.61,58.43,59.03,59.7,7.55,7.55,7.55,7.53,9.09,7.97,7.93,7.38,8.32,8.22,7.93,7.75,7.03,5.94,5.46,4.9,4.58,4.43,4.27,3.97,3.82,4.01,3.53,3.4,4.04,3.28,2.9,2.83,2.72,2.69,2.64,2.52,2.4,2.39,2.33,2.29,2.25,2.27,2.21,2.16,2.02,1.95,1.86,1.79,1.74,1.69,1.67,1.64,1.64,1.54,1.55,1.62,1.61,1.61,1.59,1.63,1.6,1.57,1.61,1.65,1.7,1.67,1.7,1.74,1.71,1.7,1.7,1.64,1.71,1.75,1.82,1.86,1.89,2.06,2.15,2.25,2.22,2.24,2.16,2.04,1.91,1.79,1.71,1.59,1.68,1.7,1.82,1.73,1.53,1.45,1.41,1.45,1.32,1.26,1.45,1.24,1.18,1.07,0.74,0.64,0.27,-22.11,-22.11,-22.11,-22.1,-17.54,-16.83,-11.31,-2.48,4.59,4.68,4.99,5.37,8.42,14.56,17.54,20.46,23.26,23.49,23.9,24.27,24.79,27.57,28.12,28.29,30.77,31.21,31.63,32.03,32.46,32.66,32.87,33.03,33.23,33.43,33.6,33.71,33.9,34.04,34.19,34.45,34.64,34.9,35.19,35.48,35.66,35.85,35.96,36.09,36.16,36.32,36.51,36.69,36.76,36.85,36.98,37.18,37.39,37.59,37.79,37.94,38.08,38.19,38.3,38.45,38.61,38.89,39.22,39.49,39.76,39.99,40.18,40.47,40.85,41.25,41.64,42.17,42.77,43.59,44.3,44.99,45.55,46.2,46.84,47.46,48.17,48.88,49.64,50.33,51.12,52.03,52.7,53.34,54.02,54.79,55.52,56.26,57.05,57.61,58.43,59.03,59.7,28.8,28.8,28.8,28.81,30.17,31.04,32.52,33.47,30.98,31.03,31.22,31.48,30.48,27.52,25.35,22.56,18.97,19.01,19.11,19.17,19.31,14.24,14.24,14.25,4.04,3.28,2.9,2.83,2.72,2.69,2.64,2.52,2.4,2.39,2.33,2.29,2.25,2.27,2.21,2.16,2.02,1.95,1.86,1.79,1.74,1.69,1.67,1.64,1.64,1.54,1.55,1.62,1.61,1.61,1.59,1.63,1.6,1.57,1.61,1.65,1.7,1.67,1.7,1.74,1.71,1.7,1.7,1.64,1.71,1.75,1.82,1.86,1.89,2.06,2.15,2.25,2.22,2.24,2.16,2.04,1.91,1.79,1.71,1.59,1.68,1.7,1.82,1.73,1.53,1.45,1.41,1.45,1.32,1.26,1.45,1.24,1.18,1.07,0.74,0.64,0.27
70.0,0.09,0.01,30.38,30.38,30.38,30.4,30.5,30.36,30.95,31.59,32.24,32.32,32.31,32.97,33.42,34.57,34.92,35.78,35.56,35.74,35.98,36.36,36.75,37.46,37.9,38.21,38.5,38.8,39.07,39.34,39.58,39.81,39.96,40.13,40.36,40.58,40.87,41.12,41.29,41.48,41.65,41.76,41.91,42.02,42.16,42.29,42.44,42.71,42.94,43.16,43.35,43.54,43.68,43.76,43.81,43.92,44.07,44.25,44.4,44.62,44.76,44.95,45.14,45.3,45.53,45.73,45.91,46.04,46.21,46.32,46.56,46.83,47.16,47.51,47.88,48.37,48.96,49.5,50.28,50.91,51.68,52.53,53.47,54.14,54.84,55.63,56.29,56.77,57.57,58.5,59.41,60.32,61.16,62.14,62.95,63.68,64.43,65.21,66.06,66.79,67.7,68.7,69.5,2.68,2.68,2.68,2.7,2.72,3.34,3.31,3.35,3.61,3.5,3.6,3.37,3.59,3.1,3.95,3.01,3.67,3.64,3.65,3.8,4.0,3.29,3.02,2.81,2.62,2.77,2.73,2.61,2.59,2.65,2.71,2.78,2.76,2.64,2.54,2.38,2.35,2.28,2.16,2.11,2.11,2.1,2.11,2.09,2.08,2.06,2.0,2.01,2.06,2.03,2.07,2.1,2.09,2.11,2.08,2.01,1.99,2.06,2.06,2.09,2.09,2.13,2.09,2.16,2.12,2.09,2.03,2.04,2.04,2.09,2.15,2.27,2.38,2.47,2.55,2.57,2.72,2.61,2.61,2.7,2.8,2.82,2.59,2.56,2.56,2.63,2.45,2.43,2.29,2.17,2.19,1.88,1.76,1.64,1.67,1.76,1.58,1.61,1.42,1.29,0.69,-15.27,-15.27,-15.27,-15.24,-15.15,-8.07,-2.68,9.96,15.42,15.5,17.9,18.56,23.81,24.95,27.71,30.97,33.16,33.34,33.58,33.96,36.75,37.46,37.9,38.21,38.5,38.8,39.07,39.34,39.58,39.81,39.96,40.13,40.36,40.58,40.87,41.12,41.29,41.48,41.65,41.76,41.91,42.02,42.16,42.29,42.44,42.71,42.94,43.16,43.35,43.54,43.68,43.76,43.81,43.92,44.07,44.25,44.4,44.62,44.76,44.95,45.14,45.3,45.53,45.73,45.91,46.04,46.21,46.32,46.56,46.83,47.16,47.51,47.88,48.37,48.96,49.5,50.28,50.91,51.68,52.53,53.47,54.14,54.84,55.63,56.29,56.77,57.57,58.5,59.41,60.32,61.16,62.14,62.95,63.68,64.43,65.21,66.06,66.79,67.7,68.7,69.5,26.4,26.4,26.4,26.44,26.61,29.46,31.01,30.16,28.54,28.57,27.14,27.46,23.73,24.12,21.62,18.17,13.37,13.39,13.44,13.55,4.0,3.29,3.02,2.81,2.62,2.77,2.73,2.61,2.59,2.65,2.71,2.78,2.76,2.64,2.54,2.38,2.35,2.28,2.16,2.11,2.11,2.1,2.11,2.09,2.08,2.06,2.0,2.01,2.06,2.03,2.07,2.1,2.09,2.11,2.08,2.01,1.99,2.06,2.06,2.09,2.09,2.13,2.09,2.16,2.12,2.09,2.03,2.04,2.04,2.09,2.15,2.27,2.38,2.47,2.55,2.57,2.72,2.61,2.61,2.7,2.8,2.82,2.59,2.56,2.56,2.63,2.45,2.43,2.29,2.17,2.19,1.88,1.76,1.64,1.67,1.76,1.58,1.61,1.42,1.29,0.69
80.0,0.08,0.01,23.39,23.39,23.39,23.39,23.44,24.27,26.52,28.48,30.14,32.59,33.16,34.78,36.13,38.94,40.62,42.18,42.44,42.7,43.04,43.42,43.83,44.09,44.96,45.43,45.59,45.88,46.23,46.63,46.93,47.3,47.37,47.5,47.7,48.01,48.13,48.41,48.7,48.9,49.04,49.21,49.44,49.65,49.87,50.04,50.23,50.37,50.49,50.71,50.96,51.18,51.28,51.54,51.7,51.99,52.18,52.42,52.55,52.74,52.86,52.96,53.11,53.25,53.45,53.73,53.99,54.28,54.55,54.82,55.21,55.58,55.92,56.4,56.8,57.31,57.88,58.62,59.21,59.92,60.79,61.58,62.3,62.94,63.76,64.7,65.26,65.97,66.79,67.79,68.88,69.86,70.69,71.48,72.21,73.19,73.96,74.82,75.88,76.59,77.44,78.46,79.49,6.9,6.9,6.9,6.9,6.98,7.72,8.99,9.94,11.08,10.84,10.59,10.01,9.9,8.94,8.36,6.12,5.91,5.82,5.76,5.77,5.87,5.86,3.27,2.96,2.92,2.8,2.77,2.65,2.5,2.37,2.36,2.36,2.42,2.36,2.29,2.25,2.26,2.34,2.37,2.39,2.44,2.38,2.3,2.24,2.26,2.28,2.29,2.34,2.43,2.46,2.48,2.45,2.36,2.33,2.24,2.2,2.15,2.21,2.16,2.07,1.97,1.95,1.94,2.07,2.03,2.04,2.06,2.03,2.09,2.11,2.12,2.22,2.24,2.38,2.59,2.79,2.61,2.61,2.71,2.73,2.82,2.77,2.64,2.69,2.72,2.64,2.52,2.37,2.43,2.15,2.17,2.11,2.04,1.93,1.79,1.74,1.7,1.41,1.15,0.98,0.41,-8.65,-8.65,-8.65,-8.65,-8.59,-6.16,0.89,6.05,9.3,16.57,18.74,23.57,26.52,32.53,35.81,40.58,40.84,41.09,41.43,41.81,42.23,42.48,44.96,45.43,45.59,45.88,46.23,46.63,46.93,47.3,47.37,47.5,47.7,48.01,48.13,48.41,48.7,48.9,49.04,49.21,49.44,49.65,49.87,50.04,50.23,50.37,50.49,50.71,50.96,51.18,51.28,51.54,51.7,51.99,52.18,52.42,52.55,52.74,52.86,52.96,53.11,53.25,53.45,53.73,53.99,54.28,54.55,54.82,55.21,55.58,55.92,56.4,56.8,57.31,57.88,58.62,59.21,59.92,60.79,61.58,62.3,62.94,63.76,64.7,65.26,65.97,66.79,67.79,68.88,69.86,70.69,71.48,72.21,73.19,73.96,74.82,75.88,76.59,77.44,78.46,79.49,22.8,22.8,22.8,22.8,22.9,24.71,27.99,29.55,30.73,30.09,29.34,27.47,26.47,23.19,20.91,13.04,12.97,12.97,12.98,13.03,13.13,13.15,3.27,2.96,2.92,2.8,2.77,2.65,2.5,2.37,2.36,2.36,2.42,2.36,2.29,2.25,2.26,2.34,2.37,2.39,2.44,2.38,2.3,2.24,2.26,2.28,2.29,2.34,2.43,2.46,2.48,2.45,2.36,2.33,2.24,2.2,2.15,2.21,2.16,2.07,1.97,1.95,1.94,2.07,2.03,2.04,2.06,2.03,2.09,2.11,2.12,2.22,2.24,2.38,2.59,2.79,2.61,2.61,2.71,2.73,2.82,2.77,2.64,2.69,2.72,2.64,2.52,2.37,2.43,2.15,2.17,2.11,2.04,1.93,1.79,1.74,1.7,1.41,1.15,0.98,0.41
90.0,0.09,0.01,21.31,21.31,21.31,21.49,21.8,22.12,26.85,33.88,36.57,36.6,36.79,38.61,40.87,43.66,48.83,49.55,50.89,51.54,52.15,52.48,52.95,53.37,53.76,54.11,54.5,54.68,54.84,55.27,55.64,56.05,56.41,56.53,56.67,56.82,57.02,57.14,57.23,57.4,57.54,57.64,57.81,58.08,58.21,58.36,58.53,58.64,58.83,58.97,59.18,59.3,59.42,59.5,59.69,59.91,60.15,60.35,60.5,60.63,60.77,61.0,61.27,61.55,61.75,61.96,62.13,62.31,62.56,62.9,63.2,63.62,64.13,64.63,65.19,65.74,66.41,67.11,67.87,68.62,69.5,70.45,71.2,71.99,72.97,73.85,74.86,75.67,76.7,77.74,78.59,79.52,80.52,81.37,82.46,83.38,84.34,85.3,86.24,87.11,88.1,88.88,89.58,16.67,16.67,16.67,16.85,17.27,17.7,19.15,18.16,16.98,17.0,17.13,16.61,16.09,15.19,9.1,8.85,4.57,3.47,3.21,3.2,3.14,2.83,2.56,2.16,2.29,2.35,2.31,2.32,2.43,2.46,2.58,2.56,2.43,2.34,2.41,2.48,2.54,2.55,2.56,2.51,2.5,2.43,2.43,2.42,2.34,2.32,2.28,2.28,2.32,2.34,2.32,2.3,2.16,2.02,1.99,2.0,2.09,2.13,2.13,2.09,2.11,2.2,2.21,2.16,2.11,2.04,2.05,2.03,2.01,2.08,2.12,2.12,2.17,2.4,2.55,2.62,2.77,2.79,2.73,2.66,2.63,2.72,2.72,2.6,2.64,2.56,2.38,2.36,2.32,2.22,2.31,2.35,2.24,2.2,2.02,1.87,1.89,1.46,1.08,0.91,0.56,7.66,7.66,7.66,7.84,8.15,8.48,15.61,26.66,30.95,30.98,31.17,33.8,36.85,40.44,48.03,48.74,50.89,51.54,52.15,52.48,52.95,53.37,53.76,54.11,54.5,54.68,54.84,55.27,55.64,56.05,56.41,56.53,56.67,56.82,57.02,57.14,57.23,57.4,57.54,57.64,57.81,58.08,58.21,58.36,58.53,58.64,58.83,58.97,59.18,59.3,59.42,59.5,59.69,59.91,60.15,60.35,60.5,60.63,60.77,61.0,61.27,61.55,61.75,61.96,62.13,62.31,62.56,62.9,63.2,63.62,64.13,64.63,65.19,65.74,66.41,67.11,67.87,68.62,69.5,70.45,71.2,71.99,72.97,73.85,74.86,75.67,76.7,77.74,78.59,79.52,80.52,81.37,82.46,83.38,84.34,85.3,86.24,87.11,88.1,88.88,89.58,25.95,25.95,25.95,26.16,26.59,27.04,29.05,27.7,25.84,25.86,25.99,24.99,23.89,22.39,12.67,12.54,4.57,3.47,3.21,3.2,3.14,2.83,2.56,2.16,2.29,2.35,2.31,2.32,2.43,2.46,2.58,2.56,2.43,2.34,2.41,2.48,2.54,2.55,2.56,2.51,2.5,2.43,2.43,2.42,2.34,2.32,2.28,2.28,2.32,2.34,2.32,2.3,2.16,2.02,1.99,2.0,2.09,2.13,2.13,2.09,2.11,2.2,2.21,2.16,2.11,2.04,2.05,2.03,2.01,2.08,2.12,2.12,2.17,2.4,2.55,2.62,2.77,2.79,2.73,2.66,2.63,2.72,2.72,2.6,2.64,2.56,2.38,2.36,2.32,2.22,2.31,2.35,2.24,2.2,2.02,1.87,1.89,1.46,1.08,0.91,0.56
100.0,0.1,0.01,7.71,7.71,7.71,7.76,7.96,8.27,16.18,23.5,26.03,28.17,28.18,30.36,33.34,43.4,48.12,48.75,48.93,49.3,49.87,50.48,51.5,54.11,58.82,59.34,59.63,59.94,60.33,60.68,60.9,61.09,61.4,61.6,61.81,62.04,62.41,62.72,63.08,63.31,63.54,63.76,64.04,64.39,64.62,64.73,64.8,64.92,65.07,65.35,65.6,65.82,66.04,66.23,66.39,66.55,66.7,66.85,67.11,67.31,67.52,67.76,68.11,68.38,68.55,68.84,69.08,69.31,69.63,69.96,70.33,70.69,71.02,71.48,72.15,72.8,73.36,74.0,74.69,75.48,76.33,77.12,78.04,79.01,79.88,80.74,81.84,82.63,83.58,84.64,85.84,87.08,88.2,89.44,90.62,91.41,92.38,93.68,94.84,95.86,97.21,98.31,99.42,17.89,17.89,17.89,17.97,18.35,19.01,23.92,26.69,27.21,27.18,27.19,27.03,27.35,22.28,18.58,18.78,18.8,18.82,18.9,19.02,19.26,16.23,3.32,2.71,2.63,2.75,2.89,2.88,2.85,2.91,2.81,2.71,2.57,2.4,2.13,2.05,2.02,2.08,2.04,2.04,2.05,1.98,1.98,1.99,2.01,1.99,2.0,1.88,1.98,2.09,2.23,2.24,2.27,2.25,2.15,2.13,2.11,2.11,2.1,2.11,2.16,2.09,1.96,1.78,1.84,1.93,1.95,2.09,2.09,2.12,2.16,2.14,2.34,2.39,2.29,2.32,2.51,2.52,2.65,2.73,2.9,2.81,2.78,2.93,2.91,3.1,2.92,2.94,2.99,2.78,2.67,2.44,2.5,2.5,2.6,2.17,1.94,1.61,1.64,1.23,0.49,7.71,7.71,7.71,7.76,7.96,8.27,16.18,23.5,26.03,28.17,28.18,30.36,33.34,43.4,48.12,48.75,48.93,49.3,49.87,50.48,51.5,54.11,58.82,59.34,59.63,59.94,60.33,60.68,60.9,61.09,61.4,61.6,61.81,62.04,62.41,62.72,63.08,63.31,63.54,63.76,64.04,64.39,64.62,64.73,64.8,64.92,65.07,65.35,65.6,65.82,66.04,66.23,66.39,66.55,66.7,66.85,67.11,67.31,67.52,67.76,68.11,68.38,68.55,68.84,69.08,69.31,69.63,69.96,70.33,70.69,71.02,71.48,72.15,72.8,73.36,74.0,74.69,75.48,76.33,77.12,78.04,79.01,79.88,80.74,81.84,82.63,83.58,84.64,85.84,87.08,88.2,89.44,90.62,91.41,92.38,93.68,94.84,95.86,97.21,98.31,99.42,17.89,17.89,17.89,17.97,18.35,19.01,23.92,26.69,27.21,27.18,27.19,27.03,27.35,22.28,18.58,18.78,18.8,18.82,18.9,19.02,19.26,16.23,3.32,2.71,2.63,2.75,2.89,2.88,2.85,2.91,2.81,2.71,2.57,2.4,2.13,2.05,2.02,2.08,2.04,2.04,2.05,1.98,1.98,1.99,2.01,1.99,2.0,1.88,1.98,2.09,2.23,2.24,2.27,2.25,2.15,2.13,2.11,2.11,2.1,2.11,2.16,2.09,1.96,1.78,1.84,1.93,1.95,2.09,2.09,2.12,2.16,2.14,2.34,2.39,2.29,2.32,2.51,2.52,2.65,2.73,2.9,2.81,2.78,2.93,2.91,3.1,2.92,2.94,2.99,2.78,2.67,2.44,2.5,2.5,2.6,2.17,1.94,1.61,1.64,1.23,0.49
